venta_id,fecha,hora,producto_id,cantidad,total_venta
1,2024-01-01,08:05:00,7,1,2.8
2,2024-01-01,16:38:00,4,1,2.2
3,2024-01-01,11:45:00,1,3,6.0
4,2024-01-01,15:37:00,7,1,2.8
5,2024-01-01,10:44:00,5,1,3.0
6,2024-01-01,12:09:00,7,2,5.6
7,2024-01-01,09:05:00,4,2,4.4
8,2024-01-01,13:54:00,7,1,2.8
9,2024-01-01,12:51:00,6,3,10.5
10,2024-01-01,15:34:00,1,3,6.0
11,2024-01-01,09:35:00,2,2,5.0
12,2024-01-01,17:56:00,5,3,9.0
13,2024-01-01,11:45:00,6,3,10.5
14,2024-01-01,18:14:00,2,1,2.5
15,2024-01-01,11:55:00,5,1,3.0
16,2024-01-01,12:29:00,2,2,5.0
17,2024-01-01,13:22:00,6,1,3.5
18,2024-01-01,12:44:00,4,3,6.6
19,2024-01-01,18:10:00,2,3,7.5
20,2024-01-01,15:24:00,4,1,2.2
21,2024-01-01,16:14:00,5,3,9.0
22,2024-01-01,11:52:00,6,1,3.5
23,2024-01-01,14:17:00,1,2,4.0
24,2024-01-01,17:56:00,2,1,2.5
25,2024-01-01,18:31:00,6,1,3.5
26,2024-01-01,15:09:00,7,3,8.4
27,2024-01-01,11:47:00,5,1,3.0
28,2024-01-01,17:27:00,5,3,9.0
29,2024-01-02,11:08:00,7,2,5.6
30,2024-01-02,08:55:00,8,1,2.7
31,2024-01-02,18:10:00,2,1,2.5
32,2024-01-02,09:24:00,7,3,8.4
33,2024-01-02,15:33:00,7,3,8.4
34,2024-01-02,08:43:00,5,3,9.0
35,2024-01-02,16:48:00,2,3,7.5
36,2024-01-02,13:07:00,5,3,9.0
37,2024-01-02,10:29:00,5,2,6.0
38,2024-01-02,12:32:00,1,3,6.0
39,2024-01-02,09:55:00,3,3,5.4
40,2024-01-02,16:38:00,5,3,9.0
41,2024-01-02,13:48:00,4,1,2.2
42,2024-01-02,16:58:00,3,3,5.4
43,2024-01-02,13:31:00,1,3,6.0
44,2024-01-02,13:56:00,1,1,2.0
45,2024-01-02,08:15:00,5,1,3.0
46,2024-01-02,15:52:00,2,1,2.5
47,2024-01-02,10:08:00,2,3,7.5
48,2024-01-02,10:16:00,8,3,8.1
49,2024-01-02,16:48:00,7,1,2.8
50,2024-01-02,12:25:00,4,3,6.6
51,2024-01-02,16:28:00,6,2,7.0
52,2024-01-02,11:04:00,2,1,2.5
53,2024-01-02,17:35:00,6,1,3.5
54,2024-01-02,11:00:00,4,3,6.6
55,2024-01-02,18:03:00,2,3,7.5
56,2024-01-02,08:55:00,4,1,2.2
57,2024-01-03,11:17:00,2,3,7.5
58,2024-01-03,16:08:00,8,1,2.7
59,2024-01-03,15:51:00,8,1,2.7
60,2024-01-03,09:06:00,7,1,2.8
61,2024-01-03,14:26:00,7,2,5.6
62,2024-01-03,08:43:00,8,3,8.1
63,2024-01-03,14:46:00,2,1,2.5
64,2024-01-03,11:12:00,6,1,3.5
65,2024-01-03,15:08:00,4,3,6.6
66,2024-01-03,12:29:00,7,1,2.8
67,2024-01-03,15:51:00,4,1,2.2
68,2024-01-03,18:34:00,2,1,2.5
69,2024-01-03,11:10:00,1,1,2.0
70,2024-01-03,15:13:00,7,2,5.6
71,2024-01-03,10:24:00,7,1,2.8
72,2024-01-03,12:59:00,1,2,4.0
73,2024-01-03,14:44:00,8,2,5.4
74,2024-01-03,11:18:00,8,1,2.7
75,2024-01-03,17:47:00,4,1,2.2
76,2024-01-03,13:03:00,1,3,6.0
77,2024-01-04,16:10:00,8,3,8.1
78,2024-01-04,09:54:00,1,3,6.0
79,2024-01-04,17:04:00,3,1,1.8
80,2024-01-04,09:56:00,4,2,4.4
81,2024-01-04,17:02:00,4,3,6.6
82,2024-01-04,18:37:00,2,2,5.0
83,2024-01-04,11:42:00,6,2,7.0
84,2024-01-04,12:25:00,6,1,3.5
85,2024-01-04,18:19:00,3,3,5.4
86,2024-01-04,09:00:00,8,2,5.4
87,2024-01-04,17:06:00,8,3,8.1
88,2024-01-05,12:08:00,4,3,6.6
89,2024-01-05,11:23:00,6,1,3.5
90,2024-01-05,15:53:00,5,1,3.0
91,2024-01-05,18:33:00,5,3,9.0
92,2024-01-05,16:19:00,1,3,6.0
93,2024-01-05,12:07:00,2,1,2.5
94,2024-01-05,16:09:00,2,3,7.5
95,2024-01-05,17:13:00,5,2,6.0
96,2024-01-05,18:40:00,6,1,3.5
97,2024-01-05,15:16:00,5,3,9.0
98,2024-01-05,18:27:00,1,1,2.0
99,2024-01-05,08:21:00,5,1,3.0
100,2024-01-06,15:35:00,5,1,3.0
101,2024-01-06,08:07:00,7,3,8.4
102,2024-01-06,10:34:00,2,3,7.5
103,2024-01-06,17:35:00,1,2,4.0
104,2024-01-06,10:02:00,3,2,3.6
105,2024-01-06,08:57:00,5,2,6.0
106,2024-01-06,18:15:00,6,1,3.5
107,2024-01-06,16:56:00,2,2,5.0
108,2024-01-06,10:59:00,7,3,8.4
109,2024-01-06,10:56:00,4,1,2.2
110,2024-01-06,10:47:00,7,1,2.8
111,2024-01-06,18:55:00,6,2,7.0
112,2024-01-06,10:50:00,4,2,4.4
113,2024-01-06,08:54:00,2,2,5.0
114,2024-01-07,15:22:00,4,1,2.2
115,2024-01-07,11:01:00,5,1,3.0
116,2024-01-07,13:17:00,4,2,4.4
117,2024-01-07,13:41:00,2,2,5.0
118,2024-01-07,16:21:00,7,3,8.4
119,2024-01-07,12:11:00,1,1,2.0
120,2024-01-07,09:38:00,5,1,3.0
121,2024-01-07,13:27:00,7,2,5.6
122,2024-01-07,17:12:00,2,2,5.0
123,2024-01-07,14:00:00,5,1,3.0
124,2024-01-07,14:04:00,4,2,4.4
125,2024-01-07,13:42:00,6,3,10.5
126,2024-01-07,12:32:00,2,3,7.5
127,2024-01-07,14:20:00,5,3,9.0
128,2024-01-07,12:35:00,7,3,8.4
129,2024-01-07,14:42:00,3,1,1.8
130,2024-01-07,10:39:00,7,3,8.4
131,2024-01-07,16:53:00,5,2,6.0
132,2024-01-07,12:13:00,1,2,4.0
133,2024-01-07,17:41:00,7,3,8.4
134,2024-01-07,15:28:00,6,2,7.0
135,2024-01-07,15:50:00,4,3,6.6
136,2024-01-07,09:18:00,3,3,5.4
137,2024-01-07,11:43:00,6,1,3.5
138,2024-01-07,11:09:00,5,1,3.0
139,2024-01-08,15:39:00,1,1,2.0
140,2024-01-08,14:56:00,2,2,5.0
141,2024-01-08,14:31:00,4,3,6.6
142,2024-01-08,10:41:00,7,1,2.8
143,2024-01-08,14:14:00,1,1,2.0
144,2024-01-08,16:29:00,3,3,5.4
145,2024-01-08,11:58:00,1,3,6.0
146,2024-01-08,10:51:00,2,2,5.0
147,2024-01-08,16:35:00,8,3,8.1
148,2024-01-08,17:52:00,6,2,7.0
149,2024-01-09,15:57:00,7,3,8.4
150,2024-01-09,15:28:00,3,3,5.4
151,2024-01-09,18:17:00,5,1,3.0
152,2024-01-09,11:17:00,8,3,8.1
153,2024-01-09,12:15:00,8,1,2.7
154,2024-01-09,13:57:00,5,2,6.0
155,2024-01-09,10:14:00,2,1,2.5
156,2024-01-09,10:45:00,7,3,8.4
157,2024-01-09,14:26:00,4,1,2.2
158,2024-01-09,15:26:00,6,3,10.5
159,2024-01-09,14:24:00,1,1,2.0
160,2024-01-09,14:30:00,1,3,6.0
161,2024-01-09,12:48:00,1,2,4.0
162,2024-01-09,16:47:00,7,2,5.6
163,2024-01-09,11:17:00,4,2,4.4
164,2024-01-09,08:24:00,7,2,5.6
165,2024-01-09,18:51:00,6,3,10.5
166,2024-01-09,10:53:00,7,3,8.4
167,2024-01-09,17:34:00,8,1,2.7
168,2024-01-09,17:36:00,1,2,4.0
169,2024-01-09,18:27:00,1,1,2.0
170,2024-01-09,10:03:00,3,2,3.6
171,2024-01-09,13:13:00,5,2,6.0
172,2024-01-09,13:48:00,8,2,5.4
173,2024-01-09,14:16:00,7,2,5.6
174,2024-01-09,08:47:00,2,2,5.0
175,2024-01-10,11:41:00,1,2,4.0
176,2024-01-10,08:48:00,2,3,7.5
177,2024-01-10,11:53:00,1,1,2.0
178,2024-01-10,10:15:00,1,3,6.0
179,2024-01-10,18:07:00,3,2,3.6
180,2024-01-10,12:49:00,4,2,4.4
181,2024-01-10,17:38:00,6,1,3.5
182,2024-01-10,12:06:00,2,1,2.5
183,2024-01-10,17:43:00,1,2,4.0
184,2024-01-10,11:04:00,7,2,5.6
185,2024-01-10,12:54:00,4,1,2.2
186,2024-01-10,08:22:00,2,3,7.5
187,2024-01-10,13:04:00,7,3,8.4
188,2024-01-10,14:52:00,6,1,3.5
189,2024-01-10,14:23:00,8,1,2.7
190,2024-01-10,10:27:00,8,3,8.1
191,2024-01-10,16:41:00,3,3,5.4
192,2024-01-10,16:49:00,5,3,9.0
193,2024-01-10,14:52:00,8,2,5.4
194,2024-01-10,11:53:00,5,2,6.0
195,2024-01-10,15:15:00,2,2,5.0
196,2024-01-10,17:42:00,8,3,8.1
197,2024-01-10,08:31:00,7,2,5.6
198,2024-01-10,15:13:00,6,1,3.5
199,2024-01-10,13:17:00,6,2,7.0
200,2024-01-10,08:33:00,5,3,9.0
201,2024-01-10,11:46:00,4,1,2.2
202,2024-01-11,11:44:00,8,3,8.1
203,2024-01-11,15:28:00,8,3,8.1
204,2024-01-11,12:14:00,1,1,2.0
205,2024-01-11,11:19:00,7,3,8.4
206,2024-01-11,16:33:00,6,2,7.0
207,2024-01-11,16:21:00,6,2,7.0
208,2024-01-11,15:17:00,6,3,10.5
209,2024-01-11,11:07:00,5,2,6.0
210,2024-01-11,09:47:00,4,2,4.4
211,2024-01-11,11:47:00,3,1,1.8
212,2024-01-11,17:48:00,8,2,5.4
213,2024-01-11,11:18:00,5,1,3.0
214,2024-01-11,10:19:00,4,2,4.4
215,2024-01-11,16:08:00,1,3,6.0
216,2024-01-11,08:35:00,5,1,3.0
217,2024-01-11,10:40:00,5,3,9.0
218,2024-01-11,08:36:00,8,1,2.7
219,2024-01-11,15:28:00,5,2,6.0
220,2024-01-11,08:16:00,6,1,3.5
221,2024-01-11,09:25:00,8,1,2.7
222,2024-01-11,17:40:00,8,1,2.7
223,2024-01-11,10:51:00,1,1,2.0
224,2024-01-11,11:07:00,5,1,3.0
225,2024-01-12,17:50:00,7,3,8.4
226,2024-01-12,14:28:00,4,3,6.6
227,2024-01-12,17:27:00,8,2,5.4
228,2024-01-12,17:03:00,5,3,9.0
229,2024-01-12,18:13:00,2,1,2.5
230,2024-01-12,09:10:00,5,3,9.0
231,2024-01-12,16:04:00,4,1,2.2
232,2024-01-12,14:28:00,3,1,1.8
233,2024-01-12,08:14:00,8,2,5.4
234,2024-01-12,12:44:00,5,3,9.0
235,2024-01-12,18:14:00,8,1,2.7
236,2024-01-12,17:42:00,5,3,9.0
237,2024-01-12,09:34:00,4,2,4.4
238,2024-01-12,10:58:00,4,3,6.6
239,2024-01-12,09:03:00,5,1,3.0
240,2024-01-12,17:47:00,3,2,3.6
241,2024-01-12,09:29:00,5,2,6.0
242,2024-01-12,14:17:00,5,3,9.0
243,2024-01-12,09:38:00,8,2,5.4
244,2024-01-12,13:38:00,1,2,4.0
245,2024-01-12,09:14:00,5,1,3.0
246,2024-01-12,12:36:00,1,3,6.0
247,2024-01-12,15:33:00,1,1,2.0
248,2024-01-12,10:37:00,8,2,5.4
249,2024-01-12,15:05:00,7,3,8.4
250,2024-01-12,14:21:00,8,2,5.4
251,2024-01-12,09:54:00,6,3,10.5
252,2024-01-13,15:18:00,6,2,7.0
253,2024-01-13,08:29:00,7,3,8.4
254,2024-01-13,12:20:00,2,2,5.0
255,2024-01-13,16:52:00,2,2,5.0
256,2024-01-13,16:29:00,1,3,6.0
257,2024-01-13,11:33:00,7,1,2.8
258,2024-01-13,15:40:00,6,3,10.5
259,2024-01-13,11:17:00,8,1,2.7
260,2024-01-13,15:56:00,3,2,3.6
261,2024-01-13,08:40:00,8,1,2.7
262,2024-01-13,10:19:00,4,3,6.6
263,2024-01-13,14:05:00,1,3,6.0
264,2024-01-13,15:07:00,4,1,2.2
265,2024-01-13,12:32:00,3,2,3.6
266,2024-01-13,15:30:00,5,2,6.0
267,2024-01-14,10:24:00,8,3,8.1
268,2024-01-14,16:47:00,4,3,6.6
269,2024-01-14,12:49:00,3,1,1.8
270,2024-01-14,16:17:00,7,2,5.6
271,2024-01-14,12:53:00,1,2,4.0
272,2024-01-14,15:34:00,8,1,2.7
273,2024-01-14,13:35:00,8,2,5.4
274,2024-01-14,13:55:00,7,2,5.6
275,2024-01-14,11:36:00,4,3,6.6
276,2024-01-14,14:02:00,7,1,2.8
277,2024-01-14,15:45:00,6,3,10.5
278,2024-01-14,18:50:00,7,2,5.6
279,2024-01-14,08:08:00,3,2,3.6
280,2024-01-14,15:06:00,6,1,3.5
281,2024-01-14,10:26:00,8,1,2.7
282,2024-01-14,15:50:00,3,1,1.8
283,2024-01-14,17:44:00,5,2,6.0
284,2024-01-15,18:54:00,2,2,5.0
285,2024-01-15,18:45:00,7,2,5.6
286,2024-01-15,08:39:00,8,3,8.1
287,2024-01-15,18:43:00,2,1,2.5
288,2024-01-15,09:27:00,5,1,3.0
289,2024-01-15,09:28:00,2,3,7.5
290,2024-01-15,12:57:00,3,3,5.4
291,2024-01-15,13:50:00,1,1,2.0
292,2024-01-15,13:23:00,1,2,4.0
293,2024-01-15,11:33:00,7,1,2.8
294,2024-01-15,18:50:00,7,3,8.4
295,2024-01-15,10:05:00,3,1,1.8
296,2024-01-15,18:15:00,7,3,8.4
297,2024-01-15,10:14:00,8,3,8.1
298,2024-01-15,12:29:00,8,3,8.1
299,2024-01-15,08:57:00,5,3,9.0
300,2024-01-15,18:34:00,8,2,5.4
301,2024-01-15,15:22:00,3,1,1.8
302,2024-01-15,14:44:00,5,3,9.0
303,2024-01-15,12:12:00,5,2,6.0
304,2024-01-15,09:15:00,7,2,5.6
305,2024-01-15,13:36:00,7,3,8.4
306,2024-01-16,18:25:00,5,1,3.0
307,2024-01-16,17:55:00,5,1,3.0
308,2024-01-16,15:53:00,1,3,6.0
309,2024-01-16,17:51:00,5,1,3.0
310,2024-01-16,18:12:00,6,1,3.5
311,2024-01-16,18:43:00,5,3,9.0
312,2024-01-16,09:57:00,3,3,5.4
313,2024-01-16,15:02:00,1,2,4.0
314,2024-01-16,10:05:00,6,3,10.5
315,2024-01-16,14:11:00,5,2,6.0
316,2024-01-16,16:56:00,4,1,2.2
317,2024-01-16,16:58:00,6,3,10.5
318,2024-01-16,12:58:00,5,1,3.0
319,2024-01-16,13:51:00,8,2,5.4
320,2024-01-16,09:09:00,2,2,5.0
321,2024-01-16,18:25:00,4,3,6.6
322,2024-01-16,14:00:00,6,1,3.5
323,2024-01-16,09:29:00,5,3,9.0
324,2024-01-16,18:16:00,6,3,10.5
325,2024-01-17,13:06:00,7,3,8.4
326,2024-01-17,08:39:00,4,2,4.4
327,2024-01-17,11:41:00,6,3,10.5
328,2024-01-17,15:58:00,2,3,7.5
329,2024-01-17,14:07:00,5,3,9.0
330,2024-01-17,08:19:00,3,1,1.8
331,2024-01-17,09:15:00,8,1,2.7
332,2024-01-17,15:23:00,3,2,3.6
333,2024-01-17,10:56:00,7,3,8.4
334,2024-01-17,09:53:00,7,3,8.4
335,2024-01-17,14:17:00,8,3,8.1
336,2024-01-17,13:13:00,1,3,6.0
337,2024-01-17,11:54:00,8,2,5.4
338,2024-01-17,18:23:00,6,1,3.5
339,2024-01-17,14:17:00,6,1,3.5
340,2024-01-17,15:05:00,4,1,2.2
341,2024-01-17,18:38:00,4,3,6.6
342,2024-01-17,13:15:00,1,1,2.0
343,2024-01-17,11:04:00,3,3,5.4
344,2024-01-17,11:52:00,4,3,6.6
345,2024-01-17,10:50:00,4,2,4.4
346,2024-01-17,10:08:00,1,2,4.0
347,2024-01-17,09:42:00,5,1,3.0
348,2024-01-17,08:22:00,1,1,2.0
349,2024-01-17,13:01:00,4,3,6.6
350,2024-01-17,08:08:00,3,2,3.6
351,2024-01-17,09:47:00,7,3,8.4
352,2024-01-17,15:49:00,2,2,5.0
353,2024-01-18,16:14:00,2,2,5.0
354,2024-01-18,18:33:00,1,3,6.0
355,2024-01-18,18:01:00,5,2,6.0
356,2024-01-18,14:27:00,1,2,4.0
357,2024-01-18,15:04:00,2,2,5.0
358,2024-01-18,17:09:00,2,2,5.0
359,2024-01-18,12:39:00,2,1,2.5
360,2024-01-18,17:33:00,6,2,7.0
361,2024-01-18,16:38:00,5,2,6.0
362,2024-01-18,09:54:00,7,1,2.8
363,2024-01-18,15:56:00,4,2,4.4
364,2024-01-18,13:52:00,4,2,4.4
365,2024-01-18,14:46:00,8,2,5.4
366,2024-01-18,14:20:00,2,2,5.0
367,2024-01-18,10:43:00,5,2,6.0
368,2024-01-18,09:53:00,8,1,2.7
369,2024-01-18,14:06:00,2,1,2.5
370,2024-01-18,16:03:00,6,1,3.5
371,2024-01-18,09:26:00,6,3,10.5
372,2024-01-18,14:55:00,6,3,10.5
373,2024-01-18,17:19:00,1,2,4.0
374,2024-01-19,16:13:00,2,3,7.5
375,2024-01-19,15:14:00,3,3,5.4
376,2024-01-19,16:23:00,2,2,5.0
377,2024-01-19,17:14:00,2,2,5.0
378,2024-01-19,17:39:00,7,3,8.4
379,2024-01-19,18:53:00,1,3,6.0
380,2024-01-19,10:17:00,5,1,3.0
381,2024-01-19,13:00:00,5,2,6.0
382,2024-01-19,17:42:00,3,1,1.8
383,2024-01-19,10:47:00,7,1,2.8
384,2024-01-19,16:13:00,1,1,2.0
385,2024-01-19,15:21:00,7,2,5.6
386,2024-01-19,12:46:00,3,2,3.6
387,2024-01-19,17:05:00,6,3,10.5
388,2024-01-19,10:48:00,1,1,2.0
389,2024-01-19,09:17:00,1,3,6.0
390,2024-01-19,14:31:00,8,3,8.1
391,2024-01-19,12:13:00,8,2,5.4
392,2024-01-19,14:07:00,2,2,5.0
393,2024-01-19,18:37:00,5,3,9.0
394,2024-01-19,18:19:00,8,3,8.1
395,2024-01-20,17:03:00,4,2,4.4
396,2024-01-20,12:13:00,1,1,2.0
397,2024-01-20,12:20:00,3,2,3.6
398,2024-01-20,15:47:00,2,1,2.5
399,2024-01-20,10:24:00,7,1,2.8
400,2024-01-20,16:53:00,4,3,6.6
401,2024-01-20,14:55:00,6,1,3.5
402,2024-01-20,08:29:00,1,2,4.0
403,2024-01-20,17:27:00,2,2,5.0
404,2024-01-20,18:26:00,7,3,8.4
405,2024-01-20,14:01:00,5,1,3.0
406,2024-01-21,15:53:00,3,3,5.4
407,2024-01-21,14:54:00,6,1,3.5
408,2024-01-21,14:37:00,2,1,2.5
409,2024-01-21,09:25:00,7,3,8.4
410,2024-01-21,13:14:00,5,3,9.0
411,2024-01-21,09:32:00,6,1,3.5
412,2024-01-21,16:12:00,2,3,7.5
413,2024-01-21,18:52:00,6,2,7.0
414,2024-01-21,09:09:00,3,1,1.8
415,2024-01-21,10:38:00,5,1,3.0
416,2024-01-21,09:11:00,3,3,5.4
417,2024-01-21,17:48:00,8,2,5.4
418,2024-01-21,17:41:00,8,3,8.1
419,2024-01-21,13:09:00,6,3,10.5
420,2024-01-21,15:28:00,8,1,2.7
421,2024-01-21,17:03:00,5,2,6.0
422,2024-01-21,09:19:00,6,3,10.5
423,2024-01-21,08:03:00,8,2,5.4
424,2024-01-21,09:41:00,6,2,7.0
425,2024-01-21,17:32:00,2,3,7.5
426,2024-01-22,16:50:00,8,3,8.1
427,2024-01-22,17:41:00,1,2,4.0
428,2024-01-22,17:30:00,4,2,4.4
429,2024-01-22,15:06:00,3,1,1.8
430,2024-01-22,09:32:00,6,3,10.5
431,2024-01-22,11:45:00,3,1,1.8
432,2024-01-22,16:33:00,8,2,5.4
433,2024-01-22,13:58:00,3,2,3.6
434,2024-01-22,14:49:00,5,2,6.0
435,2024-01-22,17:03:00,6,3,10.5
436,2024-01-22,13:06:00,6,1,3.5
437,2024-01-22,12:46:00,7,2,5.6
438,2024-01-22,09:37:00,3,2,3.6
439,2024-01-22,12:41:00,3,2,3.6
440,2024-01-22,17:45:00,7,1,2.8
441,2024-01-22,16:24:00,2,2,5.0
442,2024-01-22,18:44:00,6,1,3.5
443,2024-01-22,18:27:00,2,3,7.5
444,2024-01-22,13:19:00,6,1,3.5
445,2024-01-22,13:49:00,3,1,1.8
446,2024-01-22,11:08:00,8,1,2.7
447,2024-01-22,12:54:00,3,1,1.8
448,2024-01-23,13:56:00,1,3,6.0
449,2024-01-23,14:09:00,3,3,5.4
450,2024-01-23,17:51:00,3,1,1.8
451,2024-01-23,15:02:00,3,3,5.4
452,2024-01-23,18:46:00,7,2,5.6
453,2024-01-23,17:18:00,4,2,4.4
454,2024-01-23,16:15:00,8,1,2.7
455,2024-01-23,11:23:00,5,2,6.0
456,2024-01-23,12:49:00,8,2,5.4
457,2024-01-23,16:26:00,7,3,8.4
458,2024-01-23,17:08:00,3,1,1.8
459,2024-01-23,18:30:00,5,1,3.0
460,2024-01-23,09:45:00,6,3,10.5
461,2024-01-24,09:48:00,2,2,5.0
462,2024-01-24,15:57:00,3,2,3.6
463,2024-01-24,09:58:00,3,2,3.6
464,2024-01-24,13:59:00,4,2,4.4
465,2024-01-24,08:25:00,1,2,4.0
466,2024-01-24,14:05:00,6,1,3.5
467,2024-01-24,08:20:00,6,1,3.5
468,2024-01-24,18:21:00,2,3,7.5
469,2024-01-24,08:18:00,3,1,1.8
470,2024-01-24,10:48:00,8,3,8.1
471,2024-01-24,17:00:00,8,2,5.4
472,2024-01-24,12:13:00,2,1,2.5
473,2024-01-24,17:33:00,3,3,5.4
474,2024-01-24,12:15:00,7,1,2.8
475,2024-01-24,08:15:00,5,1,3.0
476,2024-01-24,17:29:00,7,3,8.4
477,2024-01-24,15:38:00,2,1,2.5
478,2024-01-24,16:36:00,1,3,6.0
479,2024-01-24,10:18:00,4,3,6.6
480,2024-01-24,17:22:00,7,1,2.8
481,2024-01-24,14:11:00,4,3,6.6
482,2024-01-24,13:04:00,2,3,7.5
483,2024-01-24,15:02:00,1,2,4.0
484,2024-01-24,12:47:00,7,2,5.6
485,2024-01-24,09:22:00,1,2,4.0
486,2024-01-24,18:40:00,4,3,6.6
487,2024-01-25,08:22:00,6,1,3.5
488,2024-01-25,10:53:00,6,3,10.5
489,2024-01-25,15:40:00,8,3,8.1
490,2024-01-25,09:45:00,3,1,1.8
491,2024-01-25,12:12:00,8,1,2.7
492,2024-01-25,08:20:00,1,1,2.0
493,2024-01-25,14:52:00,5,3,9.0
494,2024-01-25,08:48:00,8,2,5.4
495,2024-01-25,13:55:00,4,2,4.4
496,2024-01-25,13:17:00,1,3,6.0
497,2024-01-25,14:56:00,2,2,5.0
498,2024-01-25,15:57:00,7,3,8.4
499,2024-01-25,10:31:00,7,2,5.6
500,2024-01-26,12:51:00,6,3,10.5
501,2024-01-26,14:05:00,2,3,7.5
502,2024-01-26,10:34:00,7,3,8.4
503,2024-01-26,09:05:00,5,2,6.0
504,2024-01-26,12:19:00,6,3,10.5
505,2024-01-26,14:10:00,8,3,8.1
506,2024-01-26,15:02:00,8,2,5.4
507,2024-01-26,14:17:00,6,3,10.5
508,2024-01-26,18:40:00,1,1,2.0
509,2024-01-26,16:51:00,7,2,5.6
510,2024-01-26,10:54:00,3,1,1.8
511,2024-01-26,10:04:00,8,1,2.7
512,2024-01-26,13:23:00,4,3,6.6
513,2024-01-26,08:38:00,7,3,8.4
514,2024-01-26,15:23:00,3,3,5.4
515,2024-01-26,09:36:00,6,2,7.0
516,2024-01-26,13:25:00,3,3,5.4
517,2024-01-26,12:15:00,6,3,10.5
518,2024-01-26,10:31:00,2,1,2.5
519,2024-01-26,09:16:00,7,3,8.4
520,2024-01-26,15:13:00,5,3,9.0
521,2024-01-26,15:12:00,5,3,9.0
522,2024-01-26,09:28:00,2,1,2.5
523,2024-01-26,15:05:00,3,3,5.4
524,2024-01-26,13:45:00,6,3,10.5
525,2024-01-27,10:45:00,5,2,6.0
526,2024-01-27,16:14:00,3,2,3.6
527,2024-01-27,10:15:00,2,1,2.5
528,2024-01-27,13:35:00,8,1,2.7
529,2024-01-27,16:08:00,6,2,7.0
530,2024-01-27,12:25:00,2,1,2.5
531,2024-01-27,14:49:00,8,3,8.1
532,2024-01-27,09:08:00,7,3,8.4
533,2024-01-27,09:28:00,6,3,10.5
534,2024-01-27,16:22:00,8,3,8.1
535,2024-01-27,18:37:00,3,3,5.4
536,2024-01-27,14:32:00,3,1,1.8
537,2024-01-28,10:19:00,2,3,7.5
538,2024-01-28,13:59:00,3,1,1.8
539,2024-01-28,16:57:00,4,2,4.4
540,2024-01-28,12:12:00,5,1,3.0
541,2024-01-28,18:19:00,5,1,3.0
542,2024-01-28,18:10:00,2,3,7.5
543,2024-01-28,18:39:00,3,1,1.8
544,2024-01-28,08:52:00,6,3,10.5
545,2024-01-28,08:41:00,1,1,2.0
546,2024-01-28,11:49:00,5,3,9.0
547,2024-01-28,18:01:00,7,3,8.4
548,2024-01-29,12:30:00,5,3,9.0
549,2024-01-29,14:19:00,4,3,6.6
550,2024-01-29,08:10:00,8,1,2.7
551,2024-01-29,15:29:00,8,2,5.4
552,2024-01-29,17:09:00,4,2,4.4
553,2024-01-29,13:46:00,6,3,10.5
554,2024-01-29,10:48:00,6,2,7.0
555,2024-01-29,16:06:00,6,3,10.5
556,2024-01-29,15:07:00,6,1,3.5
557,2024-01-29,11:09:00,5,2,6.0
558,2024-01-29,12:24:00,2,1,2.5
559,2024-01-29,10:52:00,7,1,2.8
560,2024-01-29,13:12:00,6,3,10.5
561,2024-01-29,16:29:00,3,2,3.6
562,2024-01-29,15:01:00,8,2,5.4
563,2024-01-29,16:29:00,2,2,5.0
564,2024-01-29,17:22:00,4,1,2.2
565,2024-01-29,12:31:00,1,1,2.0
566,2024-01-29,16:00:00,8,2,5.4
567,2024-01-29,10:56:00,2,2,5.0
568,2024-01-29,13:48:00,5,3,9.0
569,2024-01-29,08:25:00,7,2,5.6
570,2024-01-29,16:12:00,1,3,6.0
571,2024-01-29,12:04:00,6,3,10.5
572,2024-01-29,15:48:00,7,3,8.4
573,2024-01-30,18:39:00,5,3,9.0
574,2024-01-30,09:25:00,2,1,2.5
575,2024-01-30,16:23:00,6,2,7.0
576,2024-01-30,17:32:00,3,1,1.8
577,2024-01-30,08:02:00,7,3,8.4
578,2024-01-30,13:51:00,1,1,2.0
579,2024-01-30,15:09:00,8,3,8.1
580,2024-01-30,17:20:00,3,2,3.6
581,2024-01-30,17:47:00,3,2,3.6
582,2024-01-30,13:32:00,5,3,9.0
583,2024-01-30,17:19:00,8,3,8.1
584,2024-01-30,13:21:00,8,1,2.7
585,2024-01-30,17:19:00,2,2,5.0
586,2024-01-30,15:16:00,1,3,6.0
587,2024-01-30,08:37:00,4,3,6.6
588,2024-01-30,16:40:00,8,1,2.7
589,2024-01-30,18:15:00,7,1,2.8
590,2024-01-30,09:12:00,1,3,6.0
591,2024-01-30,13:26:00,1,2,4.0
592,2024-01-30,11:26:00,3,2,3.6
593,2024-01-30,08:45:00,8,3,8.1
594,2024-01-30,11:35:00,3,3,5.4
595,2024-01-30,15:33:00,6,3,10.5
596,2024-01-30,10:29:00,7,2,5.6
597,2024-01-30,13:43:00,6,3,10.5
598,2024-01-30,15:12:00,5,3,9.0
599,2024-01-30,16:19:00,4,2,4.4
600,2024-01-31,11:44:00,5,2,6.0
601,2024-01-31,15:22:00,8,2,5.4
602,2024-01-31,09:36:00,5,2,6.0
603,2024-01-31,13:49:00,7,2,5.6
604,2024-01-31,08:18:00,3,2,3.6
605,2024-01-31,15:41:00,2,2,5.0
606,2024-01-31,15:13:00,5,3,9.0
607,2024-01-31,12:59:00,4,3,6.6
608,2024-01-31,09:39:00,5,1,3.0
609,2024-01-31,08:42:00,4,1,2.2
610,2024-01-31,11:03:00,4,3,6.6
611,2024-01-31,13:45:00,2,2,5.0
612,2024-01-31,18:49:00,8,1,2.7
613,2024-01-31,16:59:00,3,1,1.8
614,2024-01-31,18:59:00,3,2,3.6
615,2024-01-31,18:12:00,8,2,5.4
616,2024-01-31,12:41:00,5,2,6.0
617,2024-02-01,17:14:00,2,3,7.5
618,2024-02-01,14:56:00,1,1,2.0
619,2024-02-01,14:50:00,3,1,1.8
620,2024-02-01,12:56:00,8,1,2.7
621,2024-02-01,12:36:00,1,1,2.0
622,2024-02-01,12:29:00,2,2,5.0
623,2024-02-01,16:29:00,8,1,2.7
624,2024-02-01,09:21:00,5,1,3.0
625,2024-02-01,15:41:00,3,3,5.4
626,2024-02-01,10:00:00,5,3,9.0
627,2024-02-01,17:43:00,6,2,7.0
628,2024-02-02,18:57:00,3,3,5.4
629,2024-02-02,16:20:00,7,2,5.6
630,2024-02-02,18:06:00,2,2,5.0
631,2024-02-02,15:20:00,3,1,1.8
632,2024-02-02,12:24:00,4,1,2.2
633,2024-02-02,12:21:00,4,2,4.4
634,2024-02-02,17:00:00,5,3,9.0
635,2024-02-02,13:44:00,5,3,9.0
636,2024-02-02,18:07:00,4,1,2.2
637,2024-02-02,10:25:00,8,2,5.4
638,2024-02-02,09:40:00,5,3,9.0
639,2024-02-02,17:14:00,5,2,6.0
640,2024-02-02,15:09:00,4,1,2.2
641,2024-02-02,17:23:00,8,3,8.1
642,2024-02-02,16:58:00,7,3,8.4
643,2024-02-02,18:52:00,8,3,8.1
644,2024-02-03,17:55:00,4,3,6.6
645,2024-02-03,15:33:00,2,3,7.5
646,2024-02-03,17:07:00,6,1,3.5
647,2024-02-03,16:12:00,1,3,6.0
648,2024-02-03,13:54:00,3,1,1.8
649,2024-02-03,18:13:00,8,1,2.7
650,2024-02-03,16:28:00,8,1,2.7
651,2024-02-03,10:32:00,1,2,4.0
652,2024-02-03,17:03:00,7,2,5.6
653,2024-02-03,12:46:00,8,3,8.1
654,2024-02-03,12:52:00,1,2,4.0
655,2024-02-03,11:37:00,1,3,6.0
656,2024-02-03,14:22:00,2,1,2.5
657,2024-02-03,08:59:00,2,3,7.5
658,2024-02-03,08:18:00,2,2,5.0
659,2024-02-03,10:49:00,7,1,2.8
660,2024-02-04,14:28:00,7,2,5.6
661,2024-02-04,09:43:00,7,2,5.6
662,2024-02-04,13:07:00,3,3,5.4
663,2024-02-04,14:33:00,3,3,5.4
664,2024-02-04,11:53:00,3,3,5.4
665,2024-02-04,12:29:00,1,1,2.0
666,2024-02-04,14:52:00,7,3,8.4
667,2024-02-04,15:22:00,4,1,2.2
668,2024-02-04,11:59:00,3,2,3.6
669,2024-02-04,18:26:00,2,1,2.5
670,2024-02-04,11:04:00,1,1,2.0
671,2024-02-04,08:28:00,2,3,7.5
672,2024-02-04,08:25:00,1,1,2.0
673,2024-02-04,16:13:00,8,1,2.7
674,2024-02-04,16:18:00,1,1,2.0
675,2024-02-04,17:20:00,4,3,6.6
676,2024-02-04,12:56:00,6,1,3.5
677,2024-02-04,16:14:00,3,3,5.4
678,2024-02-04,12:03:00,7,2,5.6
679,2024-02-04,18:27:00,3,3,5.4
680,2024-02-04,13:41:00,8,1,2.7
681,2024-02-04,13:44:00,7,3,8.4
682,2024-02-04,10:19:00,7,2,5.6
683,2024-02-04,16:30:00,7,1,2.8
684,2024-02-04,12:54:00,4,1,2.2
685,2024-02-04,08:35:00,3,2,3.6
686,2024-02-04,16:33:00,7,2,5.6
687,2024-02-04,11:16:00,3,2,3.6
688,2024-02-04,18:05:00,4,2,4.4
689,2024-02-04,09:34:00,8,2,5.4
690,2024-02-05,14:43:00,1,2,4.0
691,2024-02-05,11:51:00,1,1,2.0
692,2024-02-05,11:55:00,4,2,4.4
693,2024-02-05,08:13:00,6,2,7.0
694,2024-02-05,09:47:00,4,3,6.6
695,2024-02-05,17:45:00,8,1,2.7
696,2024-02-05,11:35:00,4,2,4.4
697,2024-02-05,14:29:00,6,2,7.0
698,2024-02-05,12:23:00,6,2,7.0
699,2024-02-05,09:51:00,8,2,5.4
700,2024-02-05,11:23:00,8,2,5.4
701,2024-02-05,08:36:00,6,2,7.0
702,2024-02-05,10:01:00,4,3,6.6
703,2024-02-05,17:37:00,5,3,9.0
704,2024-02-05,10:12:00,7,2,5.6
705,2024-02-05,14:36:00,6,1,3.5
706,2024-02-06,18:43:00,8,3,8.1
707,2024-02-06,15:46:00,6,2,7.0
708,2024-02-06,10:46:00,8,2,5.4
709,2024-02-06,10:46:00,6,1,3.5
710,2024-02-06,16:41:00,8,1,2.7
711,2024-02-06,08:53:00,1,3,6.0
712,2024-02-06,08:48:00,2,3,7.5
713,2024-02-06,10:53:00,1,2,4.0
714,2024-02-06,10:00:00,4,1,2.2
715,2024-02-06,15:23:00,4,3,6.6
716,2024-02-06,18:42:00,1,3,6.0
717,2024-02-06,15:01:00,8,3,8.1
718,2024-02-06,16:26:00,1,3,6.0
719,2024-02-06,16:46:00,1,1,2.0
720,2024-02-06,12:01:00,5,3,9.0
721,2024-02-06,09:58:00,7,1,2.8
722,2024-02-06,10:15:00,2,3,7.5
723,2024-02-07,12:50:00,5,2,6.0
724,2024-02-07,13:25:00,7,1,2.8
725,2024-02-07,11:44:00,8,3,8.1
726,2024-02-07,18:52:00,4,2,4.4
727,2024-02-07,18:48:00,2,3,7.5
728,2024-02-07,14:24:00,1,1,2.0
729,2024-02-07,15:03:00,7,3,8.4
730,2024-02-07,10:05:00,1,3,6.0
731,2024-02-07,18:50:00,8,2,5.4
732,2024-02-07,09:57:00,6,3,10.5
733,2024-02-07,11:57:00,1,1,2.0
734,2024-02-07,08:59:00,8,2,5.4
735,2024-02-07,12:57:00,2,3,7.5
736,2024-02-07,13:01:00,1,1,2.0
737,2024-02-07,10:48:00,4,3,6.6
738,2024-02-07,12:10:00,7,1,2.8
739,2024-02-08,14:43:00,4,3,6.6
740,2024-02-08,10:50:00,6,2,7.0
741,2024-02-08,13:03:00,2,3,7.5
742,2024-02-08,11:53:00,2,2,5.0
743,2024-02-08,17:49:00,2,2,5.0
744,2024-02-08,08:40:00,7,2,5.6
745,2024-02-08,15:14:00,5,2,6.0
746,2024-02-08,14:27:00,6,3,10.5
747,2024-02-08,17:42:00,3,3,5.4
748,2024-02-08,17:18:00,7,1,2.8
749,2024-02-08,09:05:00,4,3,6.6
750,2024-02-08,14:45:00,5,1,3.0
751,2024-02-08,14:20:00,3,3,5.4
752,2024-02-08,09:00:00,6,1,3.5
753,2024-02-08,13:48:00,5,2,6.0
754,2024-02-08,10:05:00,5,1,3.0
755,2024-02-08,15:35:00,3,2,3.6
756,2024-02-08,08:05:00,7,1,2.8
757,2024-02-08,09:38:00,6,3,10.5
758,2024-02-08,08:18:00,6,2,7.0
759,2024-02-08,09:46:00,7,2,5.6
760,2024-02-08,16:10:00,4,3,6.6
761,2024-02-08,10:17:00,7,1,2.8
762,2024-02-08,15:09:00,5,2,6.0
763,2024-02-08,14:17:00,2,1,2.5
764,2024-02-08,15:50:00,7,2,5.6
765,2024-02-08,12:15:00,2,2,5.0
766,2024-02-08,17:12:00,8,3,8.1
767,2024-02-09,12:00:00,2,1,2.5
768,2024-02-09,17:24:00,7,2,5.6
769,2024-02-09,13:27:00,6,2,7.0
770,2024-02-09,13:38:00,3,2,3.6
771,2024-02-09,13:11:00,4,2,4.4
772,2024-02-09,12:47:00,7,2,5.6
773,2024-02-09,11:20:00,8,3,8.1
774,2024-02-09,14:23:00,7,2,5.6
775,2024-02-09,11:37:00,2,3,7.5
776,2024-02-09,16:01:00,3,3,5.4
777,2024-02-09,11:28:00,8,3,8.1
778,2024-02-09,09:52:00,5,3,9.0
779,2024-02-09,15:08:00,7,3,8.4
780,2024-02-09,12:42:00,5,1,3.0
781,2024-02-09,14:50:00,3,3,5.4
782,2024-02-09,15:38:00,7,1,2.8
783,2024-02-09,14:34:00,8,3,8.1
784,2024-02-09,08:50:00,7,3,8.4
785,2024-02-09,16:38:00,6,3,10.5
786,2024-02-09,11:42:00,2,1,2.5
787,2024-02-09,18:39:00,6,1,3.5
788,2024-02-09,18:43:00,1,3,6.0
789,2024-02-09,14:06:00,7,2,5.6
790,2024-02-09,12:14:00,1,1,2.0
791,2024-02-10,13:25:00,4,2,4.4
792,2024-02-10,17:44:00,8,3,8.1
793,2024-02-10,08:30:00,3,2,3.6
794,2024-02-10,14:58:00,2,2,5.0
795,2024-02-10,10:22:00,2,1,2.5
796,2024-02-10,15:50:00,5,2,6.0
797,2024-02-10,15:22:00,4,3,6.6
798,2024-02-10,15:46:00,8,1,2.7
799,2024-02-10,09:19:00,8,2,5.4
800,2024-02-10,09:01:00,1,3,6.0
801,2024-02-10,09:43:00,6,3,10.5
802,2024-02-10,11:33:00,3,3,5.4
803,2024-02-10,10:21:00,3,3,5.4
804,2024-02-10,11:51:00,7,2,5.6
805,2024-02-10,10:11:00,7,3,8.4
806,2024-02-10,08:47:00,7,2,5.6
807,2024-02-10,17:27:00,4,2,4.4
808,2024-02-10,11:13:00,7,1,2.8
809,2024-02-10,09:36:00,5,3,9.0
810,2024-02-10,10:23:00,2,3,7.5
811,2024-02-10,15:07:00,6,1,3.5
812,2024-02-10,15:33:00,5,3,9.0
813,2024-02-10,14:39:00,6,3,10.5
814,2024-02-10,09:22:00,7,3,8.4
815,2024-02-10,17:11:00,6,2,7.0
816,2024-02-10,17:05:00,5,3,9.0
817,2024-02-11,11:19:00,6,1,3.5
818,2024-02-11,13:44:00,2,1,2.5
819,2024-02-11,14:26:00,3,3,5.4
820,2024-02-11,14:27:00,3,3,5.4
821,2024-02-11,18:34:00,3,2,3.6
822,2024-02-11,10:31:00,3,3,5.4
823,2024-02-11,10:20:00,5,1,3.0
824,2024-02-11,08:55:00,8,3,8.1
825,2024-02-11,15:08:00,6,1,3.5
826,2024-02-11,16:32:00,4,2,4.4
827,2024-02-11,18:31:00,8,2,5.4
828,2024-02-11,15:31:00,7,3,8.4
829,2024-02-11,17:01:00,3,1,1.8
830,2024-02-11,08:17:00,4,2,4.4
831,2024-02-12,15:36:00,5,1,3.0
832,2024-02-12,16:07:00,8,3,8.1
833,2024-02-12,16:52:00,2,2,5.0
834,2024-02-12,08:48:00,6,3,10.5
835,2024-02-12,11:27:00,8,3,8.1
836,2024-02-12,18:48:00,2,3,7.5
837,2024-02-12,08:28:00,4,2,4.4
838,2024-02-12,09:28:00,5,2,6.0
839,2024-02-12,11:51:00,2,1,2.5
840,2024-02-12,17:40:00,6,3,10.5
841,2024-02-12,17:08:00,7,1,2.8
842,2024-02-12,08:36:00,4,1,2.2
843,2024-02-12,12:38:00,6,3,10.5
844,2024-02-12,12:18:00,3,2,3.6
845,2024-02-12,18:52:00,5,3,9.0
846,2024-02-12,14:58:00,2,1,2.5
847,2024-02-12,18:08:00,1,2,4.0
848,2024-02-13,13:53:00,4,1,2.2
849,2024-02-13,14:31:00,4,3,6.6
850,2024-02-13,18:17:00,3,3,5.4
851,2024-02-13,15:04:00,7,2,5.6
852,2024-02-13,16:47:00,2,2,5.0
853,2024-02-13,13:29:00,5,3,9.0
854,2024-02-13,17:00:00,8,2,5.4
855,2024-02-13,15:40:00,2,3,7.5
856,2024-02-13,16:25:00,6,1,3.5
857,2024-02-13,11:31:00,4,2,4.4
858,2024-02-13,12:21:00,5,2,6.0
859,2024-02-13,15:50:00,3,3,5.4
860,2024-02-13,08:02:00,6,3,10.5
861,2024-02-13,15:01:00,2,3,7.5
862,2024-02-14,15:00:00,3,2,3.6
863,2024-02-14,10:56:00,7,1,2.8
864,2024-02-14,12:05:00,5,1,3.0
865,2024-02-14,09:23:00,6,2,7.0
866,2024-02-14,14:40:00,3,1,1.8
867,2024-02-14,11:27:00,5,3,9.0
868,2024-02-14,09:00:00,2,3,7.5
869,2024-02-14,09:08:00,4,2,4.4
870,2024-02-14,18:28:00,4,3,6.6
871,2024-02-14,13:52:00,1,1,2.0
872,2024-02-14,10:30:00,2,2,5.0
873,2024-02-14,14:05:00,2,1,2.5
874,2024-02-14,13:23:00,2,1,2.5
875,2024-02-15,10:41:00,3,2,3.6
876,2024-02-15,16:36:00,3,1,1.8
877,2024-02-15,18:10:00,1,3,6.0
878,2024-02-15,11:40:00,8,2,5.4
879,2024-02-15,17:43:00,3,2,3.6
880,2024-02-15,09:57:00,8,1,2.7
881,2024-02-15,09:37:00,2,1,2.5
882,2024-02-15,14:20:00,7,2,5.6
883,2024-02-15,12:41:00,3,1,1.8
884,2024-02-15,16:38:00,2,1,2.5
885,2024-02-15,08:54:00,5,3,9.0
886,2024-02-15,16:38:00,5,1,3.0
887,2024-02-15,14:18:00,4,3,6.6
888,2024-02-15,15:24:00,1,1,2.0
889,2024-02-15,15:40:00,2,1,2.5
890,2024-02-15,08:23:00,2,3,7.5
891,2024-02-15,14:55:00,6,1,3.5
892,2024-02-15,16:43:00,7,2,5.6
893,2024-02-15,09:01:00,3,2,3.6
894,2024-02-16,12:13:00,2,1,2.5
895,2024-02-16,14:32:00,1,1,2.0
896,2024-02-16,16:49:00,5,3,9.0
897,2024-02-16,14:05:00,7,2,5.6
898,2024-02-16,09:19:00,3,2,3.6
899,2024-02-16,11:51:00,2,3,7.5
900,2024-02-16,13:25:00,3,3,5.4
901,2024-02-16,14:46:00,2,2,5.0
902,2024-02-16,11:05:00,4,1,2.2
903,2024-02-16,15:39:00,7,1,2.8
904,2024-02-16,18:47:00,1,2,4.0
905,2024-02-16,08:45:00,3,1,1.8
906,2024-02-16,08:10:00,3,3,5.4
907,2024-02-16,16:33:00,8,2,5.4
908,2024-02-16,13:08:00,5,1,3.0
909,2024-02-16,09:49:00,5,3,9.0
910,2024-02-16,14:17:00,1,2,4.0
911,2024-02-16,17:40:00,2,2,5.0
912,2024-02-16,15:32:00,2,2,5.0
913,2024-02-16,15:54:00,6,1,3.5
914,2024-02-16,10:16:00,3,2,3.6
915,2024-02-16,18:46:00,2,3,7.5
916,2024-02-16,16:00:00,2,1,2.5
917,2024-02-16,11:02:00,1,1,2.0
918,2024-02-16,14:58:00,8,2,5.4
919,2024-02-16,08:35:00,3,1,1.8
920,2024-02-16,13:15:00,7,1,2.8
921,2024-02-16,13:17:00,7,3,8.4
922,2024-02-17,16:43:00,6,1,3.5
923,2024-02-17,11:51:00,1,1,2.0
924,2024-02-17,09:56:00,1,2,4.0
925,2024-02-17,12:20:00,8,2,5.4
926,2024-02-17,15:00:00,2,3,7.5
927,2024-02-17,12:36:00,6,1,3.5
928,2024-02-17,17:15:00,5,3,9.0
929,2024-02-17,17:31:00,8,2,5.4
930,2024-02-17,16:48:00,4,3,6.6
931,2024-02-17,08:59:00,4,1,2.2
932,2024-02-17,11:34:00,7,1,2.8
933,2024-02-17,08:21:00,6,3,10.5
934,2024-02-18,12:06:00,7,3,8.4
935,2024-02-18,11:26:00,4,3,6.6
936,2024-02-18,10:45:00,8,1,2.7
937,2024-02-18,08:58:00,5,1,3.0
938,2024-02-18,14:44:00,4,3,6.6
939,2024-02-18,09:37:00,6,2,7.0
940,2024-02-18,10:40:00,2,3,7.5
941,2024-02-18,17:36:00,7,1,2.8
942,2024-02-18,18:08:00,1,2,4.0
943,2024-02-18,12:54:00,4,2,4.4
944,2024-02-19,13:20:00,7,3,8.4
945,2024-02-19,11:04:00,8,2,5.4
946,2024-02-19,17:06:00,4,1,2.2
947,2024-02-19,10:28:00,3,1,1.8
948,2024-02-19,14:07:00,8,2,5.4
949,2024-02-19,15:19:00,6,1,3.5
950,2024-02-19,09:05:00,8,2,5.4
951,2024-02-19,12:52:00,3,3,5.4
952,2024-02-19,13:09:00,1,1,2.0
953,2024-02-19,11:22:00,2,3,7.5
954,2024-02-19,08:43:00,7,3,8.4
955,2024-02-19,10:01:00,5,2,6.0
956,2024-02-19,16:47:00,7,2,5.6
957,2024-02-19,15:06:00,4,1,2.2
958,2024-02-19,08:03:00,3,1,1.8
959,2024-02-19,11:52:00,4,1,2.2
960,2024-02-19,18:40:00,7,2,5.6
961,2024-02-19,17:16:00,2,3,7.5
962,2024-02-19,09:12:00,2,1,2.5
963,2024-02-19,09:57:00,8,1,2.7
964,2024-02-20,15:03:00,2,1,2.5
965,2024-02-20,14:52:00,3,3,5.4
966,2024-02-20,08:24:00,7,2,5.6
967,2024-02-20,13:13:00,7,1,2.8
968,2024-02-20,12:28:00,3,2,3.6
969,2024-02-20,17:39:00,3,1,1.8
970,2024-02-20,12:31:00,4,3,6.6
971,2024-02-20,15:03:00,7,3,8.4
972,2024-02-20,14:08:00,2,2,5.0
973,2024-02-20,18:56:00,7,1,2.8
974,2024-02-20,16:50:00,4,3,6.6
975,2024-02-20,13:30:00,1,2,4.0
976,2024-02-20,17:32:00,8,2,5.4
977,2024-02-20,12:11:00,6,2,7.0
978,2024-02-20,17:14:00,1,2,4.0
979,2024-02-20,08:51:00,1,2,4.0
980,2024-02-20,13:49:00,8,3,8.1
981,2024-02-20,09:15:00,4,1,2.2
982,2024-02-20,16:52:00,4,2,4.4
983,2024-02-20,17:54:00,1,1,2.0
984,2024-02-21,10:15:00,6,1,3.5
985,2024-02-21,13:58:00,6,3,10.5
986,2024-02-21,13:36:00,1,3,6.0
987,2024-02-21,11:53:00,3,3,5.4
988,2024-02-21,12:11:00,8,3,8.1
989,2024-02-21,09:03:00,8,1,2.7
990,2024-02-21,11:01:00,4,3,6.6
991,2024-02-21,13:58:00,8,1,2.7
992,2024-02-21,13:45:00,4,1,2.2
993,2024-02-21,08:01:00,3,2,3.6
994,2024-02-21,10:49:00,3,3,5.4
995,2024-02-21,13:04:00,2,3,7.5
996,2024-02-21,18:25:00,6,3,10.5
997,2024-02-21,12:20:00,2,2,5.0
998,2024-02-21,14:50:00,3,1,1.8
999,2024-02-21,13:11:00,8,3,8.1
1000,2024-02-21,18:37:00,6,1,3.5
1001,2024-02-21,12:46:00,3,2,3.6
1002,2024-02-21,10:46:00,5,1,3.0
1003,2024-02-21,17:25:00,1,3,6.0
1004,2024-02-21,17:20:00,1,1,2.0
1005,2024-02-21,17:06:00,4,3,6.6
1006,2024-02-22,09:15:00,3,2,3.6
1007,2024-02-22,10:40:00,6,2,7.0
1008,2024-02-22,18:40:00,2,3,7.5
1009,2024-02-22,08:16:00,6,2,7.0
1010,2024-02-22,09:22:00,4,1,2.2
1011,2024-02-22,08:03:00,5,1,3.0
1012,2024-02-22,14:10:00,7,2,5.6
1013,2024-02-22,14:22:00,7,2,5.6
1014,2024-02-22,15:50:00,7,1,2.8
1015,2024-02-22,15:04:00,4,1,2.2
1016,2024-02-22,08:20:00,1,2,4.0
1017,2024-02-22,09:21:00,5,1,3.0
1018,2024-02-22,10:46:00,3,2,3.6
1019,2024-02-22,09:21:00,2,3,7.5
1020,2024-02-22,08:27:00,8,3,8.1
1021,2024-02-22,14:10:00,3,3,5.4
1022,2024-02-22,13:13:00,1,1,2.0
1023,2024-02-22,16:46:00,4,2,4.4
1024,2024-02-22,12:19:00,5,3,9.0
1025,2024-02-22,08:25:00,4,1,2.2
1026,2024-02-22,08:23:00,8,1,2.7
1027,2024-02-22,09:18:00,1,2,4.0
1028,2024-02-22,09:01:00,8,1,2.7
1029,2024-02-22,18:18:00,4,1,2.2
1030,2024-02-22,09:19:00,2,2,5.0
1031,2024-02-23,18:16:00,8,2,5.4
1032,2024-02-23,16:24:00,2,3,7.5
1033,2024-02-23,14:23:00,3,2,3.6
1034,2024-02-23,08:16:00,3,2,3.6
1035,2024-02-23,12:14:00,8,2,5.4
1036,2024-02-23,08:09:00,5,3,9.0
1037,2024-02-23,18:22:00,2,1,2.5
1038,2024-02-23,11:35:00,7,3,8.4
1039,2024-02-23,16:26:00,1,2,4.0
1040,2024-02-23,11:30:00,8,3,8.1
1041,2024-02-23,14:57:00,5,1,3.0
1042,2024-02-23,17:57:00,1,3,6.0
1043,2024-02-23,15:11:00,3,1,1.8
1044,2024-02-23,11:08:00,3,1,1.8
1045,2024-02-23,09:43:00,1,2,4.0
1046,2024-02-23,18:09:00,7,1,2.8
1047,2024-02-23,09:05:00,5,2,6.0
1048,2024-02-23,14:35:00,7,3,8.4
1049,2024-02-23,16:29:00,6,2,7.0
1050,2024-02-23,17:37:00,1,3,6.0
1051,2024-02-23,14:09:00,7,1,2.8
1052,2024-02-23,17:37:00,3,3,5.4
1053,2024-02-24,09:50:00,2,3,7.5
1054,2024-02-24,13:56:00,5,3,9.0
1055,2024-02-24,14:41:00,7,2,5.6
1056,2024-02-24,17:30:00,8,3,8.1
1057,2024-02-24,12:25:00,1,1,2.0
1058,2024-02-24,17:43:00,3,3,5.4
1059,2024-02-24,14:56:00,7,1,2.8
1060,2024-02-24,11:03:00,6,3,10.5
1061,2024-02-24,13:01:00,8,2,5.4
1062,2024-02-24,12:17:00,6,2,7.0
1063,2024-02-24,18:06:00,8,3,8.1
1064,2024-02-24,12:47:00,4,1,2.2
1065,2024-02-24,12:46:00,8,2,5.4
1066,2024-02-25,15:13:00,2,1,2.5
1067,2024-02-25,15:48:00,7,3,8.4
1068,2024-02-25,16:50:00,6,1,3.5
1069,2024-02-25,12:45:00,3,1,1.8
1070,2024-02-25,16:56:00,7,1,2.8
1071,2024-02-25,11:56:00,1,1,2.0
1072,2024-02-25,11:02:00,4,1,2.2
1073,2024-02-25,13:45:00,8,1,2.7
1074,2024-02-25,13:52:00,4,2,4.4
1075,2024-02-25,14:40:00,8,3,8.1
1076,2024-02-25,08:15:00,2,3,7.5
1077,2024-02-25,17:28:00,6,2,7.0
1078,2024-02-25,17:35:00,3,2,3.6
1079,2024-02-25,10:53:00,6,2,7.0
1080,2024-02-25,09:18:00,5,3,9.0
1081,2024-02-25,08:10:00,1,2,4.0
1082,2024-02-25,18:14:00,4,1,2.2
1083,2024-02-25,18:26:00,4,2,4.4
1084,2024-02-25,08:30:00,1,3,6.0
1085,2024-02-25,10:38:00,3,3,5.4
1086,2024-02-25,12:38:00,1,1,2.0
1087,2024-02-25,18:17:00,5,3,9.0
1088,2024-02-25,13:29:00,7,2,5.6
1089,2024-02-26,12:43:00,4,2,4.4
1090,2024-02-26,09:00:00,7,3,8.4
1091,2024-02-26,18:38:00,6,3,10.5
1092,2024-02-26,18:06:00,5,2,6.0
1093,2024-02-26,13:17:00,8,1,2.7
1094,2024-02-26,12:41:00,6,2,7.0
1095,2024-02-26,10:33:00,5,1,3.0
1096,2024-02-26,17:25:00,4,1,2.2
1097,2024-02-26,10:46:00,6,3,10.5
1098,2024-02-26,15:18:00,1,3,6.0
1099,2024-02-26,14:24:00,5,2,6.0
1100,2024-02-26,17:52:00,1,3,6.0
1101,2024-02-26,11:43:00,4,2,4.4
1102,2024-02-26,13:32:00,8,3,8.1
1103,2024-02-26,18:56:00,5,1,3.0
1104,2024-02-26,09:30:00,3,2,3.6
1105,2024-02-26,12:46:00,3,3,5.4
1106,2024-02-26,13:41:00,3,3,5.4
1107,2024-02-27,11:47:00,4,2,4.4
1108,2024-02-27,13:23:00,5,2,6.0
1109,2024-02-27,12:29:00,5,3,9.0
1110,2024-02-27,08:55:00,2,2,5.0
1111,2024-02-27,11:32:00,2,2,5.0
1112,2024-02-27,14:33:00,2,3,7.5
1113,2024-02-27,08:55:00,5,2,6.0
1114,2024-02-27,11:21:00,3,1,1.8
1115,2024-02-27,15:09:00,7,3,8.4
1116,2024-02-27,10:49:00,6,3,10.5
1117,2024-02-27,13:40:00,2,2,5.0
1118,2024-02-27,18:03:00,3,2,3.6
1119,2024-02-28,11:48:00,8,2,5.4
1120,2024-02-28,10:31:00,3,3,5.4
1121,2024-02-28,17:27:00,2,1,2.5
1122,2024-02-28,14:30:00,7,2,5.6
1123,2024-02-28,08:34:00,7,1,2.8
1124,2024-02-28,13:00:00,4,3,6.6
1125,2024-02-28,11:01:00,6,3,10.5
1126,2024-02-28,11:14:00,1,3,6.0
1127,2024-02-28,10:06:00,6,2,7.0
1128,2024-02-28,17:19:00,7,3,8.4
1129,2024-02-29,12:18:00,2,1,2.5
1130,2024-02-29,16:38:00,8,3,8.1
1131,2024-02-29,18:08:00,6,2,7.0
1132,2024-02-29,13:48:00,6,2,7.0
1133,2024-02-29,14:01:00,4,1,2.2
1134,2024-02-29,10:13:00,4,1,2.2
1135,2024-02-29,16:10:00,1,3,6.0
1136,2024-02-29,18:50:00,2,2,5.0
1137,2024-02-29,18:16:00,1,2,4.0
1138,2024-02-29,08:42:00,1,3,6.0
1139,2024-02-29,08:03:00,2,3,7.5
1140,2024-02-29,15:24:00,2,2,5.0
1141,2024-02-29,12:30:00,2,3,7.5
1142,2024-02-29,18:40:00,3,1,1.8
1143,2024-02-29,14:42:00,1,2,4.0
1144,2024-03-01,17:44:00,5,3,9.0
1145,2024-03-01,09:32:00,3,2,3.6
1146,2024-03-01,09:50:00,2,2,5.0
1147,2024-03-01,11:38:00,2,2,5.0
1148,2024-03-01,16:12:00,4,2,4.4
1149,2024-03-01,14:18:00,6,3,10.5
1150,2024-03-01,16:31:00,3,1,1.8
1151,2024-03-01,15:21:00,4,3,6.6
1152,2024-03-01,08:42:00,4,1,2.2
1153,2024-03-01,17:42:00,2,1,2.5
1154,2024-03-01,09:49:00,8,1,2.7
1155,2024-03-01,09:57:00,2,3,7.5
1156,2024-03-01,11:29:00,5,3,9.0
1157,2024-03-02,08:06:00,5,2,6.0
1158,2024-03-02,12:23:00,3,1,1.8
1159,2024-03-02,09:06:00,6,2,7.0
1160,2024-03-02,10:42:00,1,1,2.0
1161,2024-03-02,13:57:00,3,2,3.6
1162,2024-03-02,12:56:00,8,3,8.1
1163,2024-03-02,13:11:00,2,2,5.0
1164,2024-03-02,14:29:00,2,2,5.0
1165,2024-03-02,15:51:00,5,2,6.0
1166,2024-03-02,10:07:00,7,3,8.4
1167,2024-03-02,08:54:00,3,3,5.4
1168,2024-03-02,14:58:00,3,1,1.8
1169,2024-03-02,18:28:00,8,3,8.1
1170,2024-03-02,14:49:00,3,3,5.4
1171,2024-03-02,08:55:00,6,3,10.5
1172,2024-03-02,15:07:00,3,2,3.6
1173,2024-03-02,08:04:00,7,2,5.6
1174,2024-03-02,13:00:00,5,3,9.0
1175,2024-03-02,13:33:00,4,3,6.6
1176,2024-03-03,18:46:00,2,2,5.0
1177,2024-03-03,13:42:00,4,2,4.4
1178,2024-03-03,16:57:00,7,1,2.8
1179,2024-03-03,18:59:00,1,1,2.0
1180,2024-03-03,15:54:00,3,3,5.4
1181,2024-03-03,09:48:00,8,1,2.7
1182,2024-03-03,11:21:00,8,2,5.4
1183,2024-03-03,16:14:00,5,1,3.0
1184,2024-03-03,11:05:00,7,2,5.6
1185,2024-03-03,17:28:00,8,2,5.4
1186,2024-03-03,15:20:00,2,2,5.0
1187,2024-03-03,18:01:00,2,2,5.0
1188,2024-03-03,14:02:00,2,2,5.0
1189,2024-03-03,17:39:00,1,1,2.0
1190,2024-03-03,16:13:00,5,3,9.0
1191,2024-03-03,13:52:00,8,2,5.4
1192,2024-03-03,15:21:00,1,1,2.0
1193,2024-03-03,18:23:00,8,3,8.1
1194,2024-03-03,09:48:00,8,1,2.7
1195,2024-03-03,13:22:00,4,1,2.2
1196,2024-03-03,16:23:00,5,3,9.0
1197,2024-03-03,10:31:00,2,1,2.5
1198,2024-03-03,14:06:00,3,3,5.4
1199,2024-03-03,11:12:00,5,3,9.0
1200,2024-03-03,11:29:00,2,2,5.0
1201,2024-03-03,13:06:00,4,3,6.6
1202,2024-03-04,18:37:00,1,3,6.0
1203,2024-03-04,15:42:00,2,2,5.0
1204,2024-03-04,08:33:00,3,2,3.6
1205,2024-03-04,14:53:00,1,3,6.0
1206,2024-03-04,10:44:00,8,3,8.1
1207,2024-03-04,10:06:00,3,3,5.4
1208,2024-03-04,17:38:00,7,3,8.4
1209,2024-03-04,14:26:00,6,3,10.5
1210,2024-03-04,14:21:00,4,2,4.4
1211,2024-03-04,10:08:00,5,2,6.0
1212,2024-03-04,16:19:00,7,3,8.4
1213,2024-03-04,16:40:00,6,3,10.5
1214,2024-03-04,11:39:00,4,1,2.2
1215,2024-03-04,13:58:00,5,3,9.0
1216,2024-03-04,18:11:00,3,3,5.4
1217,2024-03-04,09:48:00,6,3,10.5
1218,2024-03-04,15:37:00,6,3,10.5
1219,2024-03-04,16:18:00,7,3,8.4
1220,2024-03-04,16:06:00,7,1,2.8
1221,2024-03-04,10:03:00,1,2,4.0
1222,2024-03-04,12:48:00,1,1,2.0
1223,2024-03-04,18:16:00,3,2,3.6
1224,2024-03-04,12:13:00,3,1,1.8
1225,2024-03-05,15:06:00,1,2,4.0
1226,2024-03-05,18:35:00,4,3,6.6
1227,2024-03-05,16:50:00,7,1,2.8
1228,2024-03-05,18:03:00,5,3,9.0
1229,2024-03-05,14:50:00,7,2,5.6
1230,2024-03-05,08:00:00,6,3,10.5
1231,2024-03-05,17:55:00,5,1,3.0
1232,2024-03-05,18:45:00,8,1,2.7
1233,2024-03-05,16:47:00,6,3,10.5
1234,2024-03-05,11:18:00,4,3,6.6
1235,2024-03-05,18:04:00,8,1,2.7
1236,2024-03-05,16:07:00,3,1,1.8
1237,2024-03-05,14:17:00,7,1,2.8
1238,2024-03-05,10:37:00,5,1,3.0
1239,2024-03-05,13:29:00,5,1,3.0
1240,2024-03-05,10:59:00,3,1,1.8
1241,2024-03-05,08:49:00,6,3,10.5
1242,2024-03-05,17:35:00,5,2,6.0
1243,2024-03-05,13:33:00,6,1,3.5
1244,2024-03-05,16:04:00,4,1,2.2
1245,2024-03-05,16:34:00,3,2,3.6
1246,2024-03-05,13:14:00,7,1,2.8
1247,2024-03-05,13:21:00,4,3,6.6
1248,2024-03-05,11:48:00,6,2,7.0
1249,2024-03-05,18:00:00,8,3,8.1
1250,2024-03-05,13:28:00,2,3,7.5
1251,2024-03-05,17:58:00,4,3,6.6
1252,2024-03-06,18:56:00,4,1,2.2
1253,2024-03-06,09:24:00,6,2,7.0
1254,2024-03-06,12:01:00,5,3,9.0
1255,2024-03-06,16:28:00,6,3,10.5
1256,2024-03-06,12:57:00,8,1,2.7
1257,2024-03-06,16:05:00,4,2,4.4
1258,2024-03-06,16:34:00,2,1,2.5
1259,2024-03-06,09:13:00,1,3,6.0
1260,2024-03-06,14:53:00,4,3,6.6
1261,2024-03-06,16:53:00,2,1,2.5
1262,2024-03-06,09:47:00,7,3,8.4
1263,2024-03-06,15:45:00,3,1,1.8
1264,2024-03-06,09:04:00,6,1,3.5
1265,2024-03-06,12:35:00,1,1,2.0
1266,2024-03-06,11:58:00,2,3,7.5
1267,2024-03-06,14:28:00,5,2,6.0
1268,2024-03-06,13:01:00,7,2,5.6
1269,2024-03-06,09:34:00,7,3,8.4
1270,2024-03-06,17:04:00,1,3,6.0
1271,2024-03-06,09:22:00,1,3,6.0
1272,2024-03-06,18:19:00,2,2,5.0
1273,2024-03-06,15:24:00,2,2,5.0
1274,2024-03-06,08:30:00,7,3,8.4
1275,2024-03-06,11:08:00,3,3,5.4
1276,2024-03-06,12:40:00,7,3,8.4
1277,2024-03-06,18:56:00,3,2,3.6
1278,2024-03-06,16:55:00,6,1,3.5
1279,2024-03-06,08:00:00,3,1,1.8
1280,2024-03-06,16:05:00,7,3,8.4
1281,2024-03-07,13:13:00,4,3,6.6
1282,2024-03-07,16:09:00,7,3,8.4
1283,2024-03-07,11:39:00,3,1,1.8
1284,2024-03-07,09:11:00,5,1,3.0
1285,2024-03-07,15:41:00,1,3,6.0
1286,2024-03-07,18:04:00,2,2,5.0
1287,2024-03-07,11:46:00,5,1,3.0
1288,2024-03-07,13:08:00,8,2,5.4
1289,2024-03-07,12:39:00,4,1,2.2
1290,2024-03-07,13:31:00,2,1,2.5
1291,2024-03-07,17:42:00,8,2,5.4
1292,2024-03-07,17:09:00,5,3,9.0
1293,2024-03-07,14:10:00,6,2,7.0
1294,2024-03-07,11:50:00,1,2,4.0
1295,2024-03-07,18:27:00,4,3,6.6
1296,2024-03-07,10:43:00,5,2,6.0
1297,2024-03-07,15:28:00,6,2,7.0
1298,2024-03-07,15:35:00,6,2,7.0
1299,2024-03-07,18:38:00,2,1,2.5
1300,2024-03-08,16:12:00,5,1,3.0
1301,2024-03-08,18:04:00,5,3,9.0
1302,2024-03-08,16:40:00,2,1,2.5
1303,2024-03-08,17:25:00,1,3,6.0
1304,2024-03-08,16:16:00,4,1,2.2
1305,2024-03-08,10:23:00,8,3,8.1
1306,2024-03-08,17:46:00,7,1,2.8
1307,2024-03-08,15:32:00,5,1,3.0
1308,2024-03-08,13:32:00,2,2,5.0
1309,2024-03-08,11:54:00,1,3,6.0
1310,2024-03-08,10:28:00,3,3,5.4
1311,2024-03-08,17:36:00,3,1,1.8
1312,2024-03-09,08:14:00,8,2,5.4
1313,2024-03-09,09:16:00,8,1,2.7
1314,2024-03-09,08:42:00,6,1,3.5
1315,2024-03-09,13:24:00,4,3,6.6
1316,2024-03-09,08:02:00,8,2,5.4
1317,2024-03-09,16:40:00,6,1,3.5
1318,2024-03-09,12:37:00,5,3,9.0
1319,2024-03-09,18:24:00,3,2,3.6
1320,2024-03-09,18:57:00,6,3,10.5
1321,2024-03-09,12:24:00,2,3,7.5
1322,2024-03-09,14:22:00,4,3,6.6
1323,2024-03-09,15:56:00,6,2,7.0
1324,2024-03-09,10:28:00,1,3,6.0
1325,2024-03-09,09:32:00,3,1,1.8
1326,2024-03-10,10:11:00,5,1,3.0
1327,2024-03-10,17:45:00,3,2,3.6
1328,2024-03-10,11:26:00,2,3,7.5
1329,2024-03-10,09:30:00,6,3,10.5
1330,2024-03-10,11:37:00,8,2,5.4
1331,2024-03-10,14:01:00,3,3,5.4
1332,2024-03-10,10:36:00,4,1,2.2
1333,2024-03-10,18:32:00,3,1,1.8
1334,2024-03-10,10:03:00,1,3,6.0
1335,2024-03-10,10:33:00,3,2,3.6
1336,2024-03-10,17:40:00,7,3,8.4
1337,2024-03-10,18:52:00,1,3,6.0
1338,2024-03-10,11:28:00,5,1,3.0
1339,2024-03-10,10:14:00,8,2,5.4
1340,2024-03-10,10:50:00,7,3,8.4
1341,2024-03-10,18:32:00,3,3,5.4
1342,2024-03-10,18:21:00,5,1,3.0
1343,2024-03-10,17:04:00,8,3,8.1
1344,2024-03-10,14:08:00,4,2,4.4
1345,2024-03-10,11:33:00,2,1,2.5
1346,2024-03-10,17:06:00,7,1,2.8
1347,2024-03-10,17:38:00,3,2,3.6
1348,2024-03-10,16:48:00,1,3,6.0
1349,2024-03-10,15:42:00,2,1,2.5
1350,2024-03-10,16:52:00,3,3,5.4
1351,2024-03-10,18:27:00,1,3,6.0
1352,2024-03-10,08:44:00,7,2,5.6
1353,2024-03-10,15:50:00,7,1,2.8
1354,2024-03-10,17:51:00,7,2,5.6
1355,2024-03-10,10:16:00,2,2,5.0
1356,2024-03-11,12:38:00,4,1,2.2
1357,2024-03-11,11:00:00,7,2,5.6
1358,2024-03-11,16:07:00,1,3,6.0
1359,2024-03-11,18:13:00,1,2,4.0
1360,2024-03-11,13:06:00,6,2,7.0
1361,2024-03-11,18:37:00,3,2,3.6
1362,2024-03-11,16:27:00,5,2,6.0
1363,2024-03-11,12:43:00,6,3,10.5
1364,2024-03-11,14:35:00,7,1,2.8
1365,2024-03-11,13:35:00,8,1,2.7
1366,2024-03-11,12:36:00,8,2,5.4
1367,2024-03-11,14:47:00,6,3,10.5
1368,2024-03-11,09:47:00,3,3,5.4
1369,2024-03-11,10:06:00,4,2,4.4
1370,2024-03-11,14:50:00,4,3,6.6
1371,2024-03-11,17:44:00,6,3,10.5
1372,2024-03-11,14:40:00,1,1,2.0
1373,2024-03-11,10:30:00,1,1,2.0
1374,2024-03-11,09:16:00,7,1,2.8
1375,2024-03-11,09:38:00,4,2,4.4
1376,2024-03-11,14:59:00,1,3,6.0
1377,2024-03-11,18:33:00,7,3,8.4
1378,2024-03-11,17:03:00,5,3,9.0
1379,2024-03-11,15:28:00,3,3,5.4
1380,2024-03-11,18:59:00,1,1,2.0
1381,2024-03-12,08:50:00,5,1,3.0
1382,2024-03-12,10:43:00,4,3,6.6
1383,2024-03-12,11:41:00,1,2,4.0
1384,2024-03-12,09:17:00,1,1,2.0
1385,2024-03-12,18:25:00,7,2,5.6
1386,2024-03-12,11:33:00,7,3,8.4
1387,2024-03-12,09:58:00,1,3,6.0
1388,2024-03-12,12:46:00,2,3,7.5
1389,2024-03-12,12:14:00,6,2,7.0
1390,2024-03-12,14:36:00,4,2,4.4
1391,2024-03-12,10:26:00,1,2,4.0
1392,2024-03-12,09:32:00,2,3,7.5
1393,2024-03-12,09:51:00,5,2,6.0
1394,2024-03-12,17:16:00,5,3,9.0
1395,2024-03-12,17:30:00,8,2,5.4
1396,2024-03-12,15:43:00,4,2,4.4
1397,2024-03-12,08:30:00,8,3,8.1
1398,2024-03-12,09:24:00,2,2,5.0
1399,2024-03-12,11:51:00,4,3,6.6
1400,2024-03-12,13:33:00,6,2,7.0
1401,2024-03-12,12:15:00,1,3,6.0
1402,2024-03-12,14:43:00,5,1,3.0
1403,2024-03-12,16:59:00,6,1,3.5
1404,2024-03-12,13:22:00,3,2,3.6
1405,2024-03-12,12:11:00,4,3,6.6
1406,2024-03-12,11:15:00,4,2,4.4
1407,2024-03-13,11:12:00,5,1,3.0
1408,2024-03-13,13:09:00,4,3,6.6
1409,2024-03-13,09:43:00,2,1,2.5
1410,2024-03-13,08:48:00,8,3,8.1
1411,2024-03-13,13:39:00,1,2,4.0
1412,2024-03-13,17:55:00,6,2,7.0
1413,2024-03-13,10:48:00,5,2,6.0
1414,2024-03-13,11:48:00,5,2,6.0
1415,2024-03-13,16:51:00,3,1,1.8
1416,2024-03-13,16:02:00,7,2,5.6
1417,2024-03-13,18:49:00,6,2,7.0
1418,2024-03-13,09:44:00,3,2,3.6
1419,2024-03-13,08:00:00,8,2,5.4
1420,2024-03-13,17:06:00,4,2,4.4
1421,2024-03-13,17:55:00,6,2,7.0
1422,2024-03-13,16:16:00,5,1,3.0
1423,2024-03-13,15:39:00,4,2,4.4
1424,2024-03-14,15:27:00,6,1,3.5
1425,2024-03-14,13:23:00,4,2,4.4
1426,2024-03-14,15:11:00,7,2,5.6
1427,2024-03-14,18:14:00,3,3,5.4
1428,2024-03-14,12:51:00,2,3,7.5
1429,2024-03-14,14:54:00,4,3,6.6
1430,2024-03-14,10:51:00,7,1,2.8
1431,2024-03-14,08:11:00,3,2,3.6
1432,2024-03-14,10:57:00,7,2,5.6
1433,2024-03-14,12:16:00,6,2,7.0
1434,2024-03-14,09:44:00,1,2,4.0
1435,2024-03-14,11:52:00,3,1,1.8
1436,2024-03-14,18:06:00,5,2,6.0
1437,2024-03-14,13:16:00,8,3,8.1
1438,2024-03-14,16:35:00,6,2,7.0
1439,2024-03-14,08:26:00,5,2,6.0
1440,2024-03-14,18:38:00,2,2,5.0
1441,2024-03-14,17:41:00,4,3,6.6
1442,2024-03-14,13:20:00,3,2,3.6
1443,2024-03-14,15:56:00,8,3,8.1
1444,2024-03-15,12:29:00,7,3,8.4
1445,2024-03-15,18:51:00,3,1,1.8
1446,2024-03-15,18:39:00,6,2,7.0
1447,2024-03-15,09:10:00,7,1,2.8
1448,2024-03-15,13:20:00,6,1,3.5
1449,2024-03-15,12:38:00,5,3,9.0
1450,2024-03-15,15:49:00,7,2,5.6
1451,2024-03-15,17:33:00,6,3,10.5
1452,2024-03-15,10:11:00,8,2,5.4
1453,2024-03-15,11:42:00,1,1,2.0
1454,2024-03-15,09:13:00,5,3,9.0
1455,2024-03-15,09:06:00,3,2,3.6
1456,2024-03-16,08:01:00,8,3,8.1
1457,2024-03-16,09:06:00,7,3,8.4
1458,2024-03-16,10:05:00,5,3,9.0
1459,2024-03-16,11:15:00,7,2,5.6
1460,2024-03-16,18:08:00,5,2,6.0
1461,2024-03-16,10:01:00,3,3,5.4
1462,2024-03-16,13:55:00,1,3,6.0
1463,2024-03-16,15:55:00,6,2,7.0
1464,2024-03-16,15:08:00,5,3,9.0
1465,2024-03-16,17:29:00,3,3,5.4
1466,2024-03-16,18:40:00,7,3,8.4
1467,2024-03-16,15:34:00,5,2,6.0
1468,2024-03-17,12:23:00,2,2,5.0
1469,2024-03-17,10:19:00,7,2,5.6
1470,2024-03-17,16:52:00,1,1,2.0
1471,2024-03-17,12:30:00,3,2,3.6
1472,2024-03-17,15:48:00,1,3,6.0
1473,2024-03-17,08:49:00,8,2,5.4
1474,2024-03-17,17:14:00,7,2,5.6
1475,2024-03-17,13:12:00,1,3,6.0
1476,2024-03-17,14:25:00,7,3,8.4
1477,2024-03-17,18:24:00,4,1,2.2
1478,2024-03-17,12:05:00,7,1,2.8
1479,2024-03-17,11:33:00,7,3,8.4
1480,2024-03-17,18:47:00,5,2,6.0
1481,2024-03-17,11:54:00,5,2,6.0
1482,2024-03-17,10:18:00,2,1,2.5
1483,2024-03-17,15:39:00,2,3,7.5
1484,2024-03-17,17:31:00,8,2,5.4
1485,2024-03-18,10:03:00,6,1,3.5
1486,2024-03-18,09:18:00,1,1,2.0
1487,2024-03-18,15:46:00,5,1,3.0
1488,2024-03-18,09:09:00,1,1,2.0
1489,2024-03-18,11:21:00,1,2,4.0
1490,2024-03-18,15:23:00,7,2,5.6
1491,2024-03-18,08:21:00,8,3,8.1
1492,2024-03-18,08:17:00,2,1,2.5
1493,2024-03-18,16:30:00,7,1,2.8
1494,2024-03-18,12:52:00,3,1,1.8
1495,2024-03-18,09:49:00,7,1,2.8
1496,2024-03-18,15:15:00,4,2,4.4
1497,2024-03-18,15:47:00,1,1,2.0
1498,2024-03-18,18:13:00,2,3,7.5
1499,2024-03-18,18:19:00,8,2,5.4
1500,2024-03-18,18:46:00,6,1,3.5
1501,2024-03-19,15:40:00,2,2,5.0
1502,2024-03-19,13:56:00,5,1,3.0
1503,2024-03-19,11:07:00,1,3,6.0
1504,2024-03-19,14:20:00,4,3,6.6
1505,2024-03-19,12:37:00,1,1,2.0
1506,2024-03-19,11:00:00,2,2,5.0
1507,2024-03-19,15:44:00,1,3,6.0
1508,2024-03-19,09:15:00,3,2,3.6
1509,2024-03-19,09:43:00,3,2,3.6
1510,2024-03-19,08:03:00,6,3,10.5
1511,2024-03-19,10:44:00,6,3,10.5
1512,2024-03-20,15:14:00,2,1,2.5
1513,2024-03-20,18:48:00,6,3,10.5
1514,2024-03-20,11:01:00,6,2,7.0
1515,2024-03-20,10:16:00,7,2,5.6
1516,2024-03-20,15:35:00,1,2,4.0
1517,2024-03-20,15:12:00,5,3,9.0
1518,2024-03-20,13:20:00,3,3,5.4
1519,2024-03-20,17:58:00,8,2,5.4
1520,2024-03-20,16:09:00,3,1,1.8
1521,2024-03-20,12:34:00,8,2,5.4
1522,2024-03-20,08:49:00,6,2,7.0
1523,2024-03-20,10:56:00,7,3,8.4
1524,2024-03-20,13:49:00,1,3,6.0
1525,2024-03-20,09:42:00,4,2,4.4
1526,2024-03-20,16:43:00,7,1,2.8
1527,2024-03-20,10:39:00,8,3,8.1
1528,2024-03-20,14:41:00,5,2,6.0
1529,2024-03-20,09:33:00,6,1,3.5
1530,2024-03-20,10:11:00,2,1,2.5
1531,2024-03-20,09:31:00,1,1,2.0
1532,2024-03-20,08:36:00,4,1,2.2
1533,2024-03-20,15:33:00,7,3,8.4
1534,2024-03-20,13:14:00,5,1,3.0
1535,2024-03-20,11:41:00,2,1,2.5
1536,2024-03-20,15:51:00,8,1,2.7
1537,2024-03-20,16:47:00,1,2,4.0
1538,2024-03-20,08:52:00,7,2,5.6
1539,2024-03-21,08:46:00,5,3,9.0
1540,2024-03-21,09:13:00,2,2,5.0
1541,2024-03-21,11:34:00,2,1,2.5
1542,2024-03-21,11:33:00,7,1,2.8
1543,2024-03-21,18:11:00,4,3,6.6
1544,2024-03-21,09:49:00,7,3,8.4
1545,2024-03-21,15:44:00,6,3,10.5
1546,2024-03-21,10:50:00,7,1,2.8
1547,2024-03-21,14:32:00,3,3,5.4
1548,2024-03-21,10:34:00,6,3,10.5
1549,2024-03-21,13:35:00,8,2,5.4
1550,2024-03-21,14:48:00,6,2,7.0
1551,2024-03-21,13:38:00,7,3,8.4
1552,2024-03-21,16:13:00,4,3,6.6
1553,2024-03-21,12:23:00,7,3,8.4
1554,2024-03-21,14:00:00,8,2,5.4
1555,2024-03-21,17:01:00,1,2,4.0
1556,2024-03-21,08:19:00,3,2,3.6
1557,2024-03-21,13:01:00,4,1,2.2
1558,2024-03-21,16:35:00,5,3,9.0
1559,2024-03-21,08:29:00,3,1,1.8
1560,2024-03-21,10:16:00,6,1,3.5
1561,2024-03-21,11:14:00,6,3,10.5
1562,2024-03-21,09:36:00,5,2,6.0
1563,2024-03-21,11:46:00,7,3,8.4
1564,2024-03-21,13:50:00,2,3,7.5
1565,2024-03-21,15:52:00,8,1,2.7
1566,2024-03-21,18:19:00,2,3,7.5
1567,2024-03-21,17:24:00,1,3,6.0
1568,2024-03-22,13:56:00,1,2,4.0
1569,2024-03-22,09:55:00,7,2,5.6
1570,2024-03-22,18:54:00,4,3,6.6
1571,2024-03-22,18:24:00,1,3,6.0
1572,2024-03-22,16:02:00,1,2,4.0
1573,2024-03-22,17:09:00,6,3,10.5
1574,2024-03-22,11:09:00,6,3,10.5
1575,2024-03-22,14:28:00,1,3,6.0
1576,2024-03-22,14:18:00,2,1,2.5
1577,2024-03-22,10:21:00,7,1,2.8
1578,2024-03-22,17:47:00,2,2,5.0
1579,2024-03-22,14:16:00,1,3,6.0
1580,2024-03-23,14:49:00,7,3,8.4
1581,2024-03-23,15:35:00,3,1,1.8
1582,2024-03-23,14:41:00,4,2,4.4
1583,2024-03-23,17:47:00,4,3,6.6
1584,2024-03-23,09:17:00,4,1,2.2
1585,2024-03-23,18:59:00,7,2,5.6
1586,2024-03-23,18:26:00,2,1,2.5
1587,2024-03-23,13:12:00,7,2,5.6
1588,2024-03-23,17:41:00,6,2,7.0
1589,2024-03-23,10:22:00,1,2,4.0
1590,2024-03-23,10:28:00,8,3,8.1
1591,2024-03-23,11:43:00,1,1,2.0
1592,2024-03-24,09:07:00,3,3,5.4
1593,2024-03-24,17:59:00,1,1,2.0
1594,2024-03-24,08:21:00,3,2,3.6
1595,2024-03-24,15:30:00,2,2,5.0
1596,2024-03-24,11:47:00,1,2,4.0
1597,2024-03-24,16:33:00,4,1,2.2
1598,2024-03-24,15:39:00,5,3,9.0
1599,2024-03-24,18:01:00,3,3,5.4
1600,2024-03-24,18:33:00,7,3,8.4
1601,2024-03-24,10:03:00,1,2,4.0
1602,2024-03-24,17:17:00,5,1,3.0
1603,2024-03-24,18:00:00,1,2,4.0
1604,2024-03-24,18:17:00,2,2,5.0
1605,2024-03-24,08:18:00,6,1,3.5
1606,2024-03-24,14:32:00,7,1,2.8
1607,2024-03-24,15:55:00,2,2,5.0
1608,2024-03-24,11:32:00,2,1,2.5
1609,2024-03-24,08:02:00,8,3,8.1
1610,2024-03-24,12:21:00,4,3,6.6
1611,2024-03-24,10:01:00,8,2,5.4
1612,2024-03-24,13:22:00,6,3,10.5
1613,2024-03-25,16:17:00,5,1,3.0
1614,2024-03-25,12:56:00,1,3,6.0
1615,2024-03-25,16:17:00,7,1,2.8
1616,2024-03-25,13:57:00,4,1,2.2
1617,2024-03-25,10:05:00,7,3,8.4
1618,2024-03-25,18:39:00,7,3,8.4
1619,2024-03-25,11:36:00,4,2,4.4
1620,2024-03-25,12:58:00,3,2,3.6
1621,2024-03-25,16:08:00,6,2,7.0
1622,2024-03-25,10:37:00,4,3,6.6
1623,2024-03-25,12:44:00,4,1,2.2
1624,2024-03-25,10:41:00,3,2,3.6
1625,2024-03-25,09:35:00,3,2,3.6
1626,2024-03-25,13:53:00,2,1,2.5
1627,2024-03-25,08:48:00,3,3,5.4
1628,2024-03-25,14:19:00,6,2,7.0
1629,2024-03-25,18:59:00,8,3,8.1
1630,2024-03-25,11:06:00,5,1,3.0
1631,2024-03-25,08:48:00,3,1,1.8
1632,2024-03-25,17:39:00,5,3,9.0
1633,2024-03-25,11:14:00,4,3,6.6
1634,2024-03-25,09:44:00,1,2,4.0
1635,2024-03-25,16:54:00,8,1,2.7
1636,2024-03-25,18:23:00,8,3,8.1
1637,2024-03-25,15:30:00,3,2,3.6
1638,2024-03-25,11:14:00,3,1,1.8
1639,2024-03-25,08:59:00,1,2,4.0
1640,2024-03-25,11:47:00,5,2,6.0
1641,2024-03-25,09:11:00,4,1,2.2
1642,2024-03-25,15:44:00,8,3,8.1
1643,2024-03-26,14:25:00,8,1,2.7
1644,2024-03-26,14:46:00,1,3,6.0
1645,2024-03-26,17:47:00,6,2,7.0
1646,2024-03-26,09:28:00,1,3,6.0
1647,2024-03-26,11:33:00,8,1,2.7
1648,2024-03-26,08:35:00,7,3,8.4
1649,2024-03-26,18:03:00,7,3,8.4
1650,2024-03-26,15:25:00,4,2,4.4
1651,2024-03-26,15:10:00,5,2,6.0
1652,2024-03-26,17:58:00,7,2,5.6
1653,2024-03-26,16:57:00,1,3,6.0
1654,2024-03-26,18:28:00,3,2,3.6
1655,2024-03-26,16:07:00,2,3,7.5
1656,2024-03-26,16:08:00,3,3,5.4
1657,2024-03-26,13:28:00,7,2,5.6
1658,2024-03-26,15:37:00,1,1,2.0
1659,2024-03-26,09:16:00,4,2,4.4
1660,2024-03-26,18:58:00,6,3,10.5
1661,2024-03-26,09:05:00,3,3,5.4
1662,2024-03-26,15:40:00,2,3,7.5
1663,2024-03-27,14:46:00,2,3,7.5
1664,2024-03-27,16:24:00,3,2,3.6
1665,2024-03-27,13:36:00,1,1,2.0
1666,2024-03-27,10:11:00,3,1,1.8
1667,2024-03-27,12:19:00,1,2,4.0
1668,2024-03-27,18:11:00,8,2,5.4
1669,2024-03-27,11:00:00,2,1,2.5
1670,2024-03-27,15:31:00,5,1,3.0
1671,2024-03-27,08:38:00,8,3,8.1
1672,2024-03-27,11:37:00,8,1,2.7
1673,2024-03-27,14:28:00,8,2,5.4
1674,2024-03-27,17:00:00,2,3,7.5
1675,2024-03-27,12:39:00,4,3,6.6
1676,2024-03-27,10:09:00,4,1,2.2
1677,2024-03-27,13:02:00,1,3,6.0
1678,2024-03-27,18:36:00,3,1,1.8
1679,2024-03-27,09:03:00,5,2,6.0
1680,2024-03-27,10:10:00,2,2,5.0
1681,2024-03-27,18:44:00,5,3,9.0
1682,2024-03-27,17:23:00,3,2,3.6
1683,2024-03-27,12:20:00,1,1,2.0
1684,2024-03-28,14:53:00,7,1,2.8
1685,2024-03-28,15:08:00,2,2,5.0
1686,2024-03-28,12:21:00,2,3,7.5
1687,2024-03-28,11:44:00,7,3,8.4
1688,2024-03-28,08:06:00,4,3,6.6
1689,2024-03-28,17:59:00,2,2,5.0
1690,2024-03-28,17:54:00,5,2,6.0
1691,2024-03-28,16:36:00,6,2,7.0
1692,2024-03-28,17:36:00,6,1,3.5
1693,2024-03-28,18:31:00,8,3,8.1
1694,2024-03-28,17:14:00,8,1,2.7
1695,2024-03-28,08:07:00,5,1,3.0
1696,2024-03-28,18:50:00,1,2,4.0
1697,2024-03-28,11:51:00,2,3,7.5
1698,2024-03-28,08:21:00,7,2,5.6
1699,2024-03-28,18:13:00,6,3,10.5
1700,2024-03-28,11:44:00,1,3,6.0
1701,2024-03-28,09:19:00,5,2,6.0
1702,2024-03-28,16:20:00,5,3,9.0
1703,2024-03-28,18:21:00,1,1,2.0
1704,2024-03-28,17:39:00,6,2,7.0
1705,2024-03-29,13:53:00,3,1,1.8
1706,2024-03-29,15:58:00,6,3,10.5
1707,2024-03-29,18:08:00,8,1,2.7
1708,2024-03-29,18:29:00,8,1,2.7
1709,2024-03-29,14:59:00,6,2,7.0
1710,2024-03-29,12:36:00,1,3,6.0
1711,2024-03-29,16:01:00,6,3,10.5
1712,2024-03-29,18:21:00,4,3,6.6
1713,2024-03-29,10:17:00,6,1,3.5
1714,2024-03-29,14:40:00,1,2,4.0
1715,2024-03-30,17:24:00,3,3,5.4
1716,2024-03-30,09:55:00,3,3,5.4
1717,2024-03-30,13:45:00,5,3,9.0
1718,2024-03-30,14:05:00,1,2,4.0
1719,2024-03-30,13:28:00,8,1,2.7
1720,2024-03-30,16:19:00,5,1,3.0
1721,2024-03-30,13:50:00,3,1,1.8
1722,2024-03-30,09:28:00,1,1,2.0
1723,2024-03-30,16:09:00,1,2,4.0
1724,2024-03-30,15:46:00,4,2,4.4
1725,2024-03-30,10:49:00,5,2,6.0
1726,2024-03-30,18:08:00,2,3,7.5
1727,2024-03-30,08:29:00,4,3,6.6
1728,2024-03-30,16:07:00,7,3,8.4
1729,2024-03-30,08:43:00,1,2,4.0
1730,2024-03-30,15:56:00,2,2,5.0
1731,2024-03-30,16:49:00,1,1,2.0
1732,2024-03-30,17:48:00,5,1,3.0
1733,2024-03-30,11:20:00,5,3,9.0
1734,2024-03-30,12:17:00,4,1,2.2
1735,2024-03-30,18:07:00,6,2,7.0
1736,2024-03-30,10:17:00,5,1,3.0
1737,2024-03-30,17:35:00,2,1,2.5
1738,2024-03-30,16:22:00,2,1,2.5
1739,2024-03-30,10:45:00,6,2,7.0
1740,2024-03-30,11:10:00,5,3,9.0
1741,2024-03-30,17:57:00,2,2,5.0
1742,2024-03-31,10:01:00,8,1,2.7
1743,2024-03-31,08:06:00,8,3,8.1
1744,2024-03-31,09:27:00,7,1,2.8
1745,2024-03-31,17:57:00,7,1,2.8
1746,2024-03-31,13:19:00,8,3,8.1
1747,2024-03-31,18:51:00,6,1,3.5
1748,2024-03-31,17:08:00,2,2,5.0
1749,2024-03-31,15:06:00,2,3,7.5
1750,2024-03-31,18:41:00,8,2,5.4
1751,2024-03-31,11:14:00,8,2,5.4
1752,2024-03-31,12:58:00,3,3,5.4
1753,2024-03-31,10:44:00,6,2,7.0
1754,2024-03-31,15:31:00,6,2,7.0
1755,2024-03-31,15:07:00,1,1,2.0
1756,2024-03-31,15:54:00,6,2,7.0
1757,2024-03-31,13:38:00,3,2,3.6
1758,2024-03-31,09:25:00,3,3,5.4
1759,2024-03-31,16:41:00,2,2,5.0
1760,2024-03-31,16:29:00,2,2,5.0
1761,2024-03-31,14:15:00,7,3,8.4
1762,2024-04-01,10:30:00,4,3,6.6
1763,2024-04-01,13:13:00,7,1,2.8
1764,2024-04-01,17:50:00,7,2,5.6
1765,2024-04-01,11:11:00,6,3,10.5
1766,2024-04-01,17:53:00,2,3,7.5
1767,2024-04-01,17:38:00,8,1,2.7
1768,2024-04-01,16:06:00,8,2,5.4
1769,2024-04-01,12:25:00,8,1,2.7
1770,2024-04-01,09:43:00,2,3,7.5
1771,2024-04-01,15:41:00,7,2,5.6
1772,2024-04-01,11:52:00,1,1,2.0
1773,2024-04-01,18:51:00,3,3,5.4
1774,2024-04-01,18:09:00,1,1,2.0
1775,2024-04-01,12:24:00,8,3,8.1
1776,2024-04-01,11:43:00,8,1,2.7
1777,2024-04-01,17:50:00,6,2,7.0
1778,2024-04-01,13:05:00,5,2,6.0
1779,2024-04-01,16:25:00,1,3,6.0
1780,2024-04-01,08:23:00,3,2,3.6
1781,2024-04-01,16:52:00,1,1,2.0
1782,2024-04-01,12:55:00,6,1,3.5
1783,2024-04-01,14:44:00,1,1,2.0
1784,2024-04-01,13:45:00,7,3,8.4
1785,2024-04-01,14:27:00,7,2,5.6
1786,2024-04-01,10:30:00,4,3,6.6
1787,2024-04-01,16:24:00,3,1,1.8
1788,2024-04-01,10:18:00,6,2,7.0
1789,2024-04-01,08:04:00,3,1,1.8
1790,2024-04-01,15:42:00,1,1,2.0
1791,2024-04-02,10:41:00,3,1,1.8
1792,2024-04-02,17:59:00,7,2,5.6
1793,2024-04-02,10:29:00,7,3,8.4
1794,2024-04-02,15:24:00,7,3,8.4
1795,2024-04-02,10:27:00,6,1,3.5
1796,2024-04-02,15:54:00,1,3,6.0
1797,2024-04-02,16:17:00,4,3,6.6
1798,2024-04-02,17:23:00,7,3,8.4
1799,2024-04-02,17:30:00,1,1,2.0
1800,2024-04-02,17:30:00,6,1,3.5
1801,2024-04-02,16:54:00,2,1,2.5
1802,2024-04-02,16:05:00,5,2,6.0
1803,2024-04-02,15:40:00,2,1,2.5
1804,2024-04-02,18:34:00,2,3,7.5
1805,2024-04-02,08:57:00,5,3,9.0
1806,2024-04-02,08:30:00,6,3,10.5
1807,2024-04-02,15:36:00,8,3,8.1
1808,2024-04-02,13:51:00,6,2,7.0
1809,2024-04-02,10:02:00,5,2,6.0
1810,2024-04-02,17:16:00,5,3,9.0
1811,2024-04-02,15:37:00,1,3,6.0
1812,2024-04-02,08:42:00,3,3,5.4
1813,2024-04-02,17:01:00,5,3,9.0
1814,2024-04-03,10:32:00,8,1,2.7
1815,2024-04-03,12:08:00,2,2,5.0
1816,2024-04-03,12:00:00,5,2,6.0
1817,2024-04-03,10:58:00,2,3,7.5
1818,2024-04-03,15:23:00,3,3,5.4
1819,2024-04-03,11:31:00,3,2,3.6
1820,2024-04-03,08:21:00,3,3,5.4
1821,2024-04-03,17:59:00,2,1,2.5
1822,2024-04-03,14:49:00,3,2,3.6
1823,2024-04-03,18:28:00,7,1,2.8
1824,2024-04-03,17:46:00,3,1,1.8
1825,2024-04-03,18:16:00,6,1,3.5
1826,2024-04-03,10:29:00,2,1,2.5
1827,2024-04-03,12:30:00,7,2,5.6
1828,2024-04-03,18:45:00,4,2,4.4
1829,2024-04-03,12:09:00,7,2,5.6
1830,2024-04-03,12:59:00,7,1,2.8
1831,2024-04-03,18:20:00,8,2,5.4
1832,2024-04-03,16:40:00,1,1,2.0
1833,2024-04-04,18:54:00,7,3,8.4
1834,2024-04-04,12:17:00,5,2,6.0
1835,2024-04-04,18:37:00,2,2,5.0
1836,2024-04-04,18:47:00,7,2,5.6
1837,2024-04-04,18:37:00,4,3,6.6
1838,2024-04-04,13:43:00,4,3,6.6
1839,2024-04-04,16:00:00,3,2,3.6
1840,2024-04-04,08:26:00,1,1,2.0
1841,2024-04-04,09:43:00,2,3,7.5
1842,2024-04-04,11:46:00,8,2,5.4
1843,2024-04-04,11:02:00,5,2,6.0
1844,2024-04-04,09:03:00,1,3,6.0
1845,2024-04-04,18:07:00,4,3,6.6
1846,2024-04-04,17:08:00,2,1,2.5
1847,2024-04-04,18:36:00,7,3,8.4
1848,2024-04-04,10:16:00,3,1,1.8
1849,2024-04-04,18:59:00,5,2,6.0
1850,2024-04-04,15:59:00,2,3,7.5
1851,2024-04-04,18:49:00,5,2,6.0
1852,2024-04-04,10:49:00,6,2,7.0
1853,2024-04-04,08:24:00,2,2,5.0
1854,2024-04-05,12:52:00,6,1,3.5
1855,2024-04-05,15:04:00,5,1,3.0
1856,2024-04-05,17:25:00,8,1,2.7
1857,2024-04-05,15:06:00,3,3,5.4
1858,2024-04-05,14:13:00,3,3,5.4
1859,2024-04-05,12:06:00,2,2,5.0
1860,2024-04-05,09:36:00,1,1,2.0
1861,2024-04-05,08:57:00,5,2,6.0
1862,2024-04-05,18:40:00,8,1,2.7
1863,2024-04-05,18:24:00,1,1,2.0
1864,2024-04-05,13:57:00,5,1,3.0
1865,2024-04-05,08:32:00,7,3,8.4
1866,2024-04-05,14:25:00,8,2,5.4
1867,2024-04-05,11:00:00,2,3,7.5
1868,2024-04-05,15:07:00,7,3,8.4
1869,2024-04-05,18:19:00,6,2,7.0
1870,2024-04-05,18:41:00,7,1,2.8
1871,2024-04-05,16:54:00,2,2,5.0
1872,2024-04-05,15:48:00,6,1,3.5
1873,2024-04-05,11:11:00,5,3,9.0
1874,2024-04-05,18:12:00,1,2,4.0
1875,2024-04-05,14:57:00,5,3,9.0
1876,2024-04-06,09:56:00,6,2,7.0
1877,2024-04-06,11:08:00,8,3,8.1
1878,2024-04-06,08:46:00,1,1,2.0
1879,2024-04-06,14:04:00,4,2,4.4
1880,2024-04-06,16:53:00,5,2,6.0
1881,2024-04-06,08:21:00,8,1,2.7
1882,2024-04-06,08:25:00,1,2,4.0
1883,2024-04-06,18:42:00,2,1,2.5
1884,2024-04-06,16:09:00,8,3,8.1
1885,2024-04-06,08:47:00,4,1,2.2
1886,2024-04-06,18:01:00,3,2,3.6
1887,2024-04-06,08:15:00,8,3,8.1
1888,2024-04-06,10:40:00,3,1,1.8
1889,2024-04-07,15:39:00,5,1,3.0
1890,2024-04-07,09:52:00,3,3,5.4
1891,2024-04-07,15:38:00,2,1,2.5
1892,2024-04-07,11:27:00,4,1,2.2
1893,2024-04-07,18:25:00,6,3,10.5
1894,2024-04-07,18:36:00,6,1,3.5
1895,2024-04-07,11:48:00,3,2,3.6
1896,2024-04-07,10:21:00,1,3,6.0
1897,2024-04-07,12:09:00,2,1,2.5
1898,2024-04-07,13:35:00,7,1,2.8
1899,2024-04-07,11:59:00,3,2,3.6
1900,2024-04-08,09:50:00,1,1,2.0
1901,2024-04-08,08:56:00,7,1,2.8
1902,2024-04-08,08:00:00,8,1,2.7
1903,2024-04-08,18:37:00,3,1,1.8
1904,2024-04-08,15:44:00,5,2,6.0
1905,2024-04-08,10:40:00,3,1,1.8
1906,2024-04-08,15:26:00,5,3,9.0
1907,2024-04-08,17:44:00,4,1,2.2
1908,2024-04-08,10:45:00,1,3,6.0
1909,2024-04-08,09:40:00,8,3,8.1
1910,2024-04-08,14:00:00,5,2,6.0
1911,2024-04-08,09:33:00,4,1,2.2
1912,2024-04-08,13:55:00,2,3,7.5
1913,2024-04-08,18:42:00,4,2,4.4
1914,2024-04-08,08:12:00,4,2,4.4
1915,2024-04-08,18:54:00,2,1,2.5
1916,2024-04-08,10:10:00,8,2,5.4
1917,2024-04-08,18:23:00,1,1,2.0
1918,2024-04-08,14:16:00,5,1,3.0
1919,2024-04-08,15:02:00,6,3,10.5
1920,2024-04-08,08:59:00,2,3,7.5
1921,2024-04-08,08:31:00,3,1,1.8
1922,2024-04-08,11:46:00,2,1,2.5
1923,2024-04-08,17:20:00,8,3,8.1
1924,2024-04-08,18:57:00,7,1,2.8
1925,2024-04-08,09:20:00,6,1,3.5
1926,2024-04-08,11:47:00,4,1,2.2
1927,2024-04-08,14:57:00,7,1,2.8
1928,2024-04-09,17:31:00,2,2,5.0
1929,2024-04-09,10:13:00,1,2,4.0
1930,2024-04-09,14:23:00,8,1,2.7
1931,2024-04-09,11:40:00,3,2,3.6
1932,2024-04-09,11:21:00,6,2,7.0
1933,2024-04-09,17:03:00,3,1,1.8
1934,2024-04-09,09:54:00,5,1,3.0
1935,2024-04-09,14:10:00,8,2,5.4
1936,2024-04-09,12:38:00,6,1,3.5
1937,2024-04-09,17:57:00,3,3,5.4
1938,2024-04-09,16:54:00,3,3,5.4
1939,2024-04-09,14:54:00,4,1,2.2
1940,2024-04-09,17:30:00,8,1,2.7
1941,2024-04-09,08:46:00,8,2,5.4
1942,2024-04-09,11:15:00,7,3,8.4
1943,2024-04-09,17:14:00,6,2,7.0
1944,2024-04-09,08:26:00,3,3,5.4
1945,2024-04-10,16:02:00,1,2,4.0
1946,2024-04-10,14:30:00,7,3,8.4
1947,2024-04-10,15:15:00,2,2,5.0
1948,2024-04-10,08:44:00,2,3,7.5
1949,2024-04-10,10:22:00,7,1,2.8
1950,2024-04-10,18:05:00,5,1,3.0
1951,2024-04-10,18:19:00,1,2,4.0
1952,2024-04-10,15:54:00,3,3,5.4
1953,2024-04-10,15:49:00,1,2,4.0
1954,2024-04-10,14:11:00,3,3,5.4
1955,2024-04-10,15:45:00,6,3,10.5
1956,2024-04-11,09:24:00,1,3,6.0
1957,2024-04-11,08:18:00,6,3,10.5
1958,2024-04-11,17:34:00,7,2,5.6
1959,2024-04-11,09:39:00,4,3,6.6
1960,2024-04-11,08:32:00,6,3,10.5
1961,2024-04-11,09:24:00,6,1,3.5
1962,2024-04-11,17:02:00,6,2,7.0
1963,2024-04-11,10:41:00,6,2,7.0
1964,2024-04-11,11:08:00,2,3,7.5
1965,2024-04-11,16:07:00,6,1,3.5
1966,2024-04-11,17:55:00,8,3,8.1
1967,2024-04-11,11:20:00,4,3,6.6
1968,2024-04-11,16:43:00,6,2,7.0
1969,2024-04-11,08:04:00,7,2,5.6
1970,2024-04-11,15:31:00,6,2,7.0
1971,2024-04-11,16:43:00,2,2,5.0
1972,2024-04-11,17:23:00,5,2,6.0
1973,2024-04-11,15:05:00,2,1,2.5
1974,2024-04-11,10:18:00,2,2,5.0
1975,2024-04-11,10:17:00,2,1,2.5
1976,2024-04-11,10:31:00,2,3,7.5
1977,2024-04-11,16:40:00,3,1,1.8
1978,2024-04-11,14:43:00,1,2,4.0
1979,2024-04-11,13:26:00,3,2,3.6
1980,2024-04-11,18:01:00,8,3,8.1
1981,2024-04-11,09:01:00,5,1,3.0
1982,2024-04-11,18:21:00,4,3,6.6
1983,2024-04-11,13:41:00,7,3,8.4
1984,2024-04-11,17:42:00,6,2,7.0
1985,2024-04-11,12:36:00,8,2,5.4
1986,2024-04-12,12:14:00,5,1,3.0
1987,2024-04-12,12:49:00,8,2,5.4
1988,2024-04-12,13:18:00,1,1,2.0
1989,2024-04-12,17:59:00,8,1,2.7
1990,2024-04-12,16:18:00,3,3,5.4
1991,2024-04-12,18:50:00,3,1,1.8
1992,2024-04-12,11:07:00,3,1,1.8
1993,2024-04-12,17:08:00,1,2,4.0
1994,2024-04-12,13:11:00,8,2,5.4
1995,2024-04-12,08:42:00,4,3,6.6
1996,2024-04-12,10:23:00,6,2,7.0
1997,2024-04-12,10:34:00,8,3,8.1
1998,2024-04-12,08:25:00,5,1,3.0
1999,2024-04-12,15:59:00,8,1,2.7
2000,2024-04-13,16:32:00,3,1,1.8
2001,2024-04-13,12:30:00,6,3,10.5
2002,2024-04-13,18:09:00,5,3,9.0
2003,2024-04-13,09:46:00,8,2,5.4
2004,2024-04-13,10:43:00,8,1,2.7
2005,2024-04-13,08:25:00,2,2,5.0
2006,2024-04-13,13:05:00,4,2,4.4
2007,2024-04-13,17:41:00,6,1,3.5
2008,2024-04-13,16:14:00,4,3,6.6
2009,2024-04-13,08:05:00,5,1,3.0
2010,2024-04-13,18:05:00,8,3,8.1
2011,2024-04-13,15:20:00,7,1,2.8
2012,2024-04-13,13:25:00,1,3,6.0
2013,2024-04-13,14:23:00,3,3,5.4
2014,2024-04-13,08:18:00,7,2,5.6
2015,2024-04-13,12:28:00,6,2,7.0
2016,2024-04-13,15:47:00,2,1,2.5
2017,2024-04-13,12:10:00,7,2,5.6
2018,2024-04-13,14:08:00,7,3,8.4
2019,2024-04-13,11:19:00,2,1,2.5
2020,2024-04-14,17:48:00,6,1,3.5
2021,2024-04-14,08:26:00,7,1,2.8
2022,2024-04-14,10:35:00,5,2,6.0
2023,2024-04-14,17:48:00,8,3,8.1
2024,2024-04-14,10:53:00,3,1,1.8
2025,2024-04-14,16:31:00,7,2,5.6
2026,2024-04-14,17:19:00,1,2,4.0
2027,2024-04-14,15:14:00,8,3,8.1
2028,2024-04-14,10:16:00,1,1,2.0
2029,2024-04-14,18:30:00,5,3,9.0
2030,2024-04-14,18:57:00,2,3,7.5
2031,2024-04-14,10:31:00,5,2,6.0
2032,2024-04-14,09:48:00,4,1,2.2
2033,2024-04-14,09:38:00,5,2,6.0
2034,2024-04-14,15:36:00,6,3,10.5
2035,2024-04-14,18:43:00,7,2,5.6
2036,2024-04-14,09:23:00,8,3,8.1
2037,2024-04-14,10:37:00,1,2,4.0
2038,2024-04-14,13:29:00,1,1,2.0
2039,2024-04-14,10:03:00,3,2,3.6
2040,2024-04-14,14:40:00,5,2,6.0
2041,2024-04-14,12:18:00,6,1,3.5
2042,2024-04-14,11:49:00,2,3,7.5
2043,2024-04-14,17:48:00,3,1,1.8
2044,2024-04-14,13:55:00,3,3,5.4
2045,2024-04-15,18:44:00,5,2,6.0
2046,2024-04-15,16:37:00,6,1,3.5
2047,2024-04-15,08:08:00,6,1,3.5
2048,2024-04-15,15:26:00,5,2,6.0
2049,2024-04-15,09:13:00,6,1,3.5
2050,2024-04-15,11:53:00,3,3,5.4
2051,2024-04-15,17:44:00,4,3,6.6
2052,2024-04-15,15:58:00,2,2,5.0
2053,2024-04-15,10:59:00,2,1,2.5
2054,2024-04-15,13:19:00,1,2,4.0
2055,2024-04-15,15:56:00,6,1,3.5
2056,2024-04-15,12:01:00,6,1,3.5
2057,2024-04-15,10:54:00,2,1,2.5
2058,2024-04-15,11:19:00,3,3,5.4
2059,2024-04-15,10:05:00,3,1,1.8
2060,2024-04-15,09:04:00,7,3,8.4
2061,2024-04-15,14:02:00,1,2,4.0
2062,2024-04-15,08:50:00,4,1,2.2
2063,2024-04-15,09:58:00,1,2,4.0
2064,2024-04-15,09:19:00,5,1,3.0
2065,2024-04-16,17:13:00,2,1,2.5
2066,2024-04-16,18:22:00,4,1,2.2
2067,2024-04-16,10:54:00,1,1,2.0
2068,2024-04-16,13:22:00,5,3,9.0
2069,2024-04-16,17:15:00,3,3,5.4
2070,2024-04-16,17:48:00,2,1,2.5
2071,2024-04-16,11:45:00,1,3,6.0
2072,2024-04-16,10:57:00,4,2,4.4
2073,2024-04-16,09:59:00,1,3,6.0
2074,2024-04-16,15:23:00,4,3,6.6
2075,2024-04-17,18:06:00,3,2,3.6
2076,2024-04-17,14:27:00,3,2,3.6
2077,2024-04-17,11:26:00,4,3,6.6
2078,2024-04-17,09:29:00,2,2,5.0
2079,2024-04-17,10:31:00,2,3,7.5
2080,2024-04-17,12:35:00,6,3,10.5
2081,2024-04-17,13:31:00,1,1,2.0
2082,2024-04-17,12:29:00,2,2,5.0
2083,2024-04-17,15:14:00,5,3,9.0
2084,2024-04-17,14:12:00,7,2,5.6
2085,2024-04-17,18:23:00,2,2,5.0
2086,2024-04-17,18:31:00,3,1,1.8
2087,2024-04-17,15:33:00,2,2,5.0
2088,2024-04-17,10:25:00,2,1,2.5
2089,2024-04-17,17:06:00,7,3,8.4
2090,2024-04-17,13:12:00,3,1,1.8
2091,2024-04-17,17:54:00,6,1,3.5
2092,2024-04-17,11:53:00,7,1,2.8
2093,2024-04-17,15:17:00,7,3,8.4
2094,2024-04-17,14:22:00,5,3,9.0
2095,2024-04-17,17:25:00,8,3,8.1
2096,2024-04-17,12:09:00,8,3,8.1
2097,2024-04-17,09:16:00,8,1,2.7
2098,2024-04-17,11:40:00,8,2,5.4
2099,2024-04-17,09:47:00,3,1,1.8
2100,2024-04-17,15:43:00,1,1,2.0
2101,2024-04-17,14:38:00,1,1,2.0
2102,2024-04-17,12:39:00,6,1,3.5
2103,2024-04-18,18:48:00,2,1,2.5
2104,2024-04-18,11:18:00,8,2,5.4
2105,2024-04-18,16:16:00,8,2,5.4
2106,2024-04-18,16:01:00,6,3,10.5
2107,2024-04-18,09:24:00,1,2,4.0
2108,2024-04-18,14:28:00,8,2,5.4
2109,2024-04-18,08:11:00,8,1,2.7
2110,2024-04-18,10:31:00,5,3,9.0
2111,2024-04-18,12:45:00,7,1,2.8
2112,2024-04-18,09:36:00,7,2,5.6
2113,2024-04-18,16:43:00,8,3,8.1
2114,2024-04-18,16:54:00,8,2,5.4
2115,2024-04-18,08:25:00,3,3,5.4
2116,2024-04-18,17:24:00,5,2,6.0
2117,2024-04-18,13:03:00,6,2,7.0
2118,2024-04-18,08:08:00,1,3,6.0
2119,2024-04-18,17:01:00,6,2,7.0
2120,2024-04-18,09:27:00,6,2,7.0
2121,2024-04-18,14:22:00,6,2,7.0
2122,2024-04-18,11:15:00,1,3,6.0
2123,2024-04-18,12:37:00,4,3,6.6
2124,2024-04-18,09:55:00,2,3,7.5
2125,2024-04-18,13:10:00,5,1,3.0
2126,2024-04-18,13:02:00,1,3,6.0
2127,2024-04-18,14:36:00,8,3,8.1
2128,2024-04-18,08:44:00,7,2,5.6
2129,2024-04-18,08:20:00,8,3,8.1
2130,2024-04-18,14:20:00,7,3,8.4
2131,2024-04-18,09:44:00,2,2,5.0
2132,2024-04-19,16:51:00,6,2,7.0
2133,2024-04-19,17:19:00,6,1,3.5
2134,2024-04-19,11:31:00,6,2,7.0
2135,2024-04-19,11:18:00,2,3,7.5
2136,2024-04-19,12:36:00,5,1,3.0
2137,2024-04-19,17:47:00,7,1,2.8
2138,2024-04-19,17:06:00,2,3,7.5
2139,2024-04-19,09:36:00,6,2,7.0
2140,2024-04-19,11:22:00,8,2,5.4
2141,2024-04-19,12:32:00,2,3,7.5
2142,2024-04-19,18:34:00,5,2,6.0
2143,2024-04-19,14:25:00,6,1,3.5
2144,2024-04-19,16:29:00,5,3,9.0
2145,2024-04-19,18:45:00,3,1,1.8
2146,2024-04-19,15:13:00,3,3,5.4
2147,2024-04-19,18:34:00,8,2,5.4
2148,2024-04-20,18:03:00,7,3,8.4
2149,2024-04-20,15:09:00,4,2,4.4
2150,2024-04-20,18:48:00,4,1,2.2
2151,2024-04-20,14:20:00,5,2,6.0
2152,2024-04-20,11:54:00,2,3,7.5
2153,2024-04-20,12:41:00,7,2,5.6
2154,2024-04-20,18:38:00,3,2,3.6
2155,2024-04-20,11:07:00,4,2,4.4
2156,2024-04-20,08:15:00,3,1,1.8
2157,2024-04-20,15:35:00,5,2,6.0
2158,2024-04-20,18:57:00,7,2,5.6
2159,2024-04-20,10:17:00,1,1,2.0
2160,2024-04-20,12:50:00,3,1,1.8
2161,2024-04-20,16:11:00,5,3,9.0
2162,2024-04-20,15:50:00,1,3,6.0
2163,2024-04-20,09:20:00,1,1,2.0
2164,2024-04-20,14:57:00,5,1,3.0
2165,2024-04-20,18:56:00,6,3,10.5
2166,2024-04-20,10:15:00,2,2,5.0
2167,2024-04-20,16:59:00,2,3,7.5
2168,2024-04-20,18:53:00,2,3,7.5
2169,2024-04-20,09:15:00,5,2,6.0
2170,2024-04-20,13:53:00,2,2,5.0
2171,2024-04-20,11:59:00,7,3,8.4
2172,2024-04-20,10:06:00,7,1,2.8
2173,2024-04-20,12:28:00,3,1,1.8
2174,2024-04-20,17:03:00,7,2,5.6
2175,2024-04-20,13:44:00,8,3,8.1
2176,2024-04-20,16:27:00,2,2,5.0
2177,2024-04-21,10:23:00,4,2,4.4
2178,2024-04-21,13:52:00,8,3,8.1
2179,2024-04-21,18:57:00,5,1,3.0
2180,2024-04-21,18:51:00,1,3,6.0
2181,2024-04-21,18:15:00,1,3,6.0
2182,2024-04-21,14:19:00,5,3,9.0
2183,2024-04-21,09:34:00,6,3,10.5
2184,2024-04-21,14:00:00,4,2,4.4
2185,2024-04-21,12:05:00,7,2,5.6
2186,2024-04-21,11:55:00,4,2,4.4
2187,2024-04-21,18:20:00,3,2,3.6
2188,2024-04-21,12:55:00,7,1,2.8
2189,2024-04-21,15:47:00,2,2,5.0
2190,2024-04-21,14:56:00,7,2,5.6
2191,2024-04-21,12:32:00,2,1,2.5
2192,2024-04-21,14:38:00,2,2,5.0
2193,2024-04-21,08:48:00,6,2,7.0
2194,2024-04-21,18:11:00,1,3,6.0
2195,2024-04-21,10:00:00,8,3,8.1
2196,2024-04-21,18:19:00,7,1,2.8
2197,2024-04-21,09:07:00,6,3,10.5
2198,2024-04-21,16:45:00,3,1,1.8
2199,2024-04-21,18:26:00,3,3,5.4
2200,2024-04-21,15:55:00,6,2,7.0
2201,2024-04-21,10:43:00,3,2,3.6
2202,2024-04-22,11:05:00,6,2,7.0
2203,2024-04-22,10:25:00,7,2,5.6
2204,2024-04-22,11:01:00,7,3,8.4
2205,2024-04-22,18:39:00,1,3,6.0
2206,2024-04-22,15:12:00,4,1,2.2
2207,2024-04-22,10:03:00,5,3,9.0
2208,2024-04-22,14:38:00,7,3,8.4
2209,2024-04-22,09:23:00,5,1,3.0
2210,2024-04-22,09:00:00,3,3,5.4
2211,2024-04-22,18:31:00,7,2,5.6
2212,2024-04-22,11:12:00,2,1,2.5
2213,2024-04-22,15:24:00,5,2,6.0
2214,2024-04-22,11:38:00,3,2,3.6
2215,2024-04-22,18:12:00,4,2,4.4
2216,2024-04-22,14:50:00,7,1,2.8
2217,2024-04-22,12:16:00,3,1,1.8
2218,2024-04-22,15:58:00,4,3,6.6
2219,2024-04-22,17:43:00,4,2,4.4
2220,2024-04-22,08:30:00,8,1,2.7
2221,2024-04-22,14:43:00,3,2,3.6
2222,2024-04-22,14:45:00,4,3,6.6
2223,2024-04-22,17:16:00,7,3,8.4
2224,2024-04-22,16:03:00,2,1,2.5
2225,2024-04-22,11:30:00,1,2,4.0
2226,2024-04-22,18:51:00,6,3,10.5
2227,2024-04-22,12:32:00,1,1,2.0
2228,2024-04-22,14:42:00,7,2,5.6
2229,2024-04-22,16:02:00,6,1,3.5
2230,2024-04-23,10:32:00,3,2,3.6
2231,2024-04-23,15:08:00,8,2,5.4
2232,2024-04-23,16:27:00,2,2,5.0
2233,2024-04-23,09:20:00,3,2,3.6
2234,2024-04-23,15:55:00,1,1,2.0
2235,2024-04-23,13:59:00,5,3,9.0
2236,2024-04-23,12:39:00,7,2,5.6
2237,2024-04-23,13:27:00,5,3,9.0
2238,2024-04-23,15:48:00,3,2,3.6
2239,2024-04-23,18:40:00,3,3,5.4
2240,2024-04-23,11:09:00,8,1,2.7
2241,2024-04-23,10:02:00,1,1,2.0
2242,2024-04-23,10:45:00,8,2,5.4
2243,2024-04-23,09:57:00,8,2,5.4
2244,2024-04-23,15:22:00,8,1,2.7
2245,2024-04-23,15:07:00,8,2,5.4
2246,2024-04-23,13:05:00,3,1,1.8
2247,2024-04-23,10:53:00,4,2,4.4
2248,2024-04-23,16:52:00,3,3,5.4
2249,2024-04-23,18:37:00,5,3,9.0
2250,2024-04-23,08:33:00,4,3,6.6
2251,2024-04-23,09:15:00,3,2,3.6
2252,2024-04-23,09:56:00,8,3,8.1
2253,2024-04-23,12:43:00,6,1,3.5
2254,2024-04-23,13:37:00,2,2,5.0
2255,2024-04-23,10:01:00,2,2,5.0
2256,2024-04-23,18:30:00,2,2,5.0
2257,2024-04-23,12:38:00,8,3,8.1
2258,2024-04-24,18:39:00,6,1,3.5
2259,2024-04-24,17:08:00,8,2,5.4
2260,2024-04-24,18:18:00,4,1,2.2
2261,2024-04-24,09:35:00,6,1,3.5
2262,2024-04-24,14:16:00,7,1,2.8
2263,2024-04-24,14:05:00,3,1,1.8
2264,2024-04-24,10:24:00,1,1,2.0
2265,2024-04-24,18:48:00,7,2,5.6
2266,2024-04-24,12:31:00,3,1,1.8
2267,2024-04-24,12:57:00,7,3,8.4
2268,2024-04-25,18:06:00,3,2,3.6
2269,2024-04-25,11:31:00,6,3,10.5
2270,2024-04-25,15:17:00,8,2,5.4
2271,2024-04-25,14:51:00,7,1,2.8
2272,2024-04-25,10:27:00,6,3,10.5
2273,2024-04-25,08:32:00,7,1,2.8
2274,2024-04-25,18:14:00,6,2,7.0
2275,2024-04-25,16:40:00,3,2,3.6
2276,2024-04-25,15:27:00,2,2,5.0
2277,2024-04-25,12:09:00,2,2,5.0
2278,2024-04-25,12:53:00,3,3,5.4
2279,2024-04-25,14:18:00,4,3,6.6
2280,2024-04-25,09:58:00,1,3,6.0
2281,2024-04-25,09:32:00,1,3,6.0
2282,2024-04-25,09:29:00,7,2,5.6
2283,2024-04-25,12:37:00,5,2,6.0
2284,2024-04-25,08:07:00,2,3,7.5
2285,2024-04-25,10:53:00,8,1,2.7
2286,2024-04-25,09:26:00,7,1,2.8
2287,2024-04-25,17:46:00,5,2,6.0
2288,2024-04-25,15:39:00,8,3,8.1
2289,2024-04-25,10:13:00,5,2,6.0
2290,2024-04-25,17:16:00,3,1,1.8
2291,2024-04-25,16:01:00,2,2,5.0
2292,2024-04-25,09:00:00,1,2,4.0
2293,2024-04-25,15:29:00,3,3,5.4
2294,2024-04-25,17:46:00,7,3,8.4
2295,2024-04-25,17:52:00,8,2,5.4
2296,2024-04-25,18:44:00,6,3,10.5
2297,2024-04-26,10:08:00,5,1,3.0
2298,2024-04-26,09:52:00,1,1,2.0
2299,2024-04-26,11:54:00,1,3,6.0
2300,2024-04-26,15:41:00,1,1,2.0
2301,2024-04-26,11:27:00,3,3,5.4
2302,2024-04-26,12:49:00,4,1,2.2
2303,2024-04-26,15:27:00,8,1,2.7
2304,2024-04-26,10:57:00,1,1,2.0
2305,2024-04-26,15:31:00,3,3,5.4
2306,2024-04-26,15:37:00,8,1,2.7
2307,2024-04-26,12:36:00,4,1,2.2
2308,2024-04-26,13:00:00,7,1,2.8
2309,2024-04-26,14:26:00,2,3,7.5
2310,2024-04-26,17:38:00,8,3,8.1
2311,2024-04-26,15:25:00,5,1,3.0
2312,2024-04-26,17:46:00,8,3,8.1
2313,2024-04-26,08:33:00,8,1,2.7
2314,2024-04-26,17:20:00,1,2,4.0
2315,2024-04-26,18:26:00,2,2,5.0
2316,2024-04-26,15:39:00,8,1,2.7
2317,2024-04-26,14:01:00,6,2,7.0
2318,2024-04-26,11:30:00,3,2,3.6
2319,2024-04-27,16:14:00,8,1,2.7
2320,2024-04-27,18:29:00,6,3,10.5
2321,2024-04-27,14:26:00,3,2,3.6
2322,2024-04-27,10:39:00,6,2,7.0
2323,2024-04-27,09:42:00,4,2,4.4
2324,2024-04-27,10:12:00,8,1,2.7
2325,2024-04-27,15:06:00,3,3,5.4
2326,2024-04-27,12:15:00,7,2,5.6
2327,2024-04-27,08:01:00,4,3,6.6
2328,2024-04-27,13:43:00,6,2,7.0
2329,2024-04-27,16:02:00,3,1,1.8
2330,2024-04-27,14:07:00,2,2,5.0
2331,2024-04-27,16:14:00,4,1,2.2
2332,2024-04-27,13:50:00,8,2,5.4
2333,2024-04-27,16:17:00,6,1,3.5
2334,2024-04-27,16:38:00,3,3,5.4
2335,2024-04-27,08:59:00,2,3,7.5
2336,2024-04-27,09:06:00,8,2,5.4
2337,2024-04-27,08:32:00,2,3,7.5
2338,2024-04-27,18:07:00,2,1,2.5
2339,2024-04-27,10:46:00,4,2,4.4
2340,2024-04-28,15:46:00,8,3,8.1
2341,2024-04-28,18:23:00,2,1,2.5
2342,2024-04-28,09:54:00,6,1,3.5
2343,2024-04-28,14:49:00,4,2,4.4
2344,2024-04-28,15:21:00,1,1,2.0
2345,2024-04-28,10:05:00,5,3,9.0
2346,2024-04-28,14:23:00,5,2,6.0
2347,2024-04-28,16:26:00,4,1,2.2
2348,2024-04-28,14:26:00,4,1,2.2
2349,2024-04-28,16:50:00,7,2,5.6
2350,2024-04-28,15:09:00,6,1,3.5
2351,2024-04-28,16:04:00,1,3,6.0
2352,2024-04-28,13:25:00,2,2,5.0
2353,2024-04-28,08:25:00,3,2,3.6
2354,2024-04-28,18:09:00,1,3,6.0
2355,2024-04-28,18:56:00,1,3,6.0
2356,2024-04-28,14:56:00,5,2,6.0
2357,2024-04-28,13:58:00,5,3,9.0
2358,2024-04-28,12:57:00,6,1,3.5
2359,2024-04-29,14:28:00,3,3,5.4
2360,2024-04-29,17:50:00,4,3,6.6
2361,2024-04-29,13:56:00,8,3,8.1
2362,2024-04-29,12:05:00,7,1,2.8
2363,2024-04-29,13:24:00,1,3,6.0
2364,2024-04-29,16:18:00,3,3,5.4
2365,2024-04-29,16:35:00,4,1,2.2
2366,2024-04-29,13:48:00,5,3,9.0
2367,2024-04-29,08:56:00,3,1,1.8
2368,2024-04-29,12:46:00,5,1,3.0
2369,2024-04-29,09:46:00,7,3,8.4
2370,2024-04-29,12:40:00,1,2,4.0
2371,2024-04-29,08:48:00,6,1,3.5
2372,2024-04-29,12:36:00,2,2,5.0
2373,2024-04-29,13:15:00,1,2,4.0
2374,2024-04-29,12:18:00,4,2,4.4
2375,2024-04-29,14:33:00,3,3,5.4
2376,2024-04-29,13:33:00,4,1,2.2
2377,2024-04-29,15:06:00,4,2,4.4
2378,2024-04-29,14:53:00,3,3,5.4
2379,2024-04-29,09:03:00,7,1,2.8
2380,2024-04-29,15:13:00,7,1,2.8
2381,2024-04-29,13:43:00,8,1,2.7
2382,2024-04-29,16:33:00,7,3,8.4
2383,2024-04-29,17:31:00,7,2,5.6
2384,2024-04-29,15:46:00,7,2,5.6
2385,2024-04-30,16:08:00,3,1,1.8
2386,2024-04-30,15:08:00,8,3,8.1
2387,2024-04-30,11:29:00,2,3,7.5
2388,2024-04-30,10:35:00,8,1,2.7
2389,2024-04-30,17:54:00,6,1,3.5
2390,2024-04-30,09:23:00,7,1,2.8
2391,2024-04-30,16:09:00,5,1,3.0
2392,2024-04-30,12:23:00,2,2,5.0
2393,2024-04-30,15:01:00,5,2,6.0
2394,2024-04-30,17:26:00,3,1,1.8
2395,2024-04-30,12:13:00,1,2,4.0
2396,2024-04-30,15:00:00,3,3,5.4
2397,2024-04-30,13:04:00,2,3,7.5
2398,2024-04-30,15:36:00,1,2,4.0
2399,2024-04-30,15:57:00,5,3,9.0
2400,2024-04-30,15:53:00,6,2,7.0
2401,2024-04-30,16:40:00,3,1,1.8
2402,2024-04-30,18:28:00,8,2,5.4
2403,2024-04-30,13:05:00,3,3,5.4
2404,2024-04-30,11:57:00,7,2,5.6
2405,2024-04-30,16:02:00,7,2,5.6
2406,2024-04-30,12:41:00,8,3,8.1
2407,2024-04-30,08:36:00,2,1,2.5
